,Item,Price,Link
0,"soundcore by Anker H30i Wireless On-Ear Headphones,
                    Foldable Design, Pure Bass, 70H Playtime, Bluetooth 5.3,
                    Lightweight and Comfortable, App Connectivity, Multipoint
                    Connection (Black)","2,599",https://amazon.in//sspa/click?ie=UTF8&spc=MTo3MTYwODk2MjU4OTMxMTgwOjE3MTk2NTcwNjE6c3BfYXRmOjMwMDE2MDAxMDcxNjUzMjo6MDo6&url=%2Fsoundcore-Headphones-Lightweight-Comfortable-Connectivity%2Fdp%2FB0CD1FHLMH%2Fref%3Dsr_1_1_sspa%3Fcrid%3D1RX9B2Y19OZKP%26dib%3DeyJ2IjoiMSJ9.w0izU9bDtJcOoe3M4VlpPf07kB7YKvL7irNs-U-aFDTpfNZgJIyewqKcZEJOkQV_EjNgVRKKRhDNerxCsp9HtjYhVXQTbWAbF4XraccqZQ5Iz_snykKdptCsMGNLom-ZBN_z7q4jLOvfvATMBGScM-pfYNh6hi42SuZW4yN9lJZjp8gCoj3BkKKg-EbmcB_bX5wrbFv6gJVen5rL7gxgz29dC5nuUVqrTBYW7Bzd5OE.UrxcEUlZOnv5g6uePuVvu9WcGGGgK4wjT7xJQahJ85Q%26dib_tag%3Dse%26keywords%3Dheadphones%26qid%3D1719657061%26sprefix%3Dhea%252Caps%252C323%26sr%3D8-1-spons%26sp_csd%3Dd2lkZ2V0TmFtZT1zcF9hdGY%26psc%3D1
1,"soundcore by Anker, Space One Active Noise Cancelling Bluetooth Headphones with Travel Pouch, 2X Stronger Voice Reduction, 40H ANC Playtime, App Control, LDAC Hi-Res, Ergonomic Design for Comfort Fit","8,998",https://amazon.in//sspa/click?ie=UTF8&spc=MTo3MTYwODk2MjU4OTMxMTgwOjE3MTk2NTcwNjE6c3BfYXRmOjMwMDE2NDA0MDg0NDUzMjo6MDo6&url=%2Fsoundcore-Cancelling-Bluetooth-Headphones-Reduction%2Fdp%2FB0C6KFZC9Z%2Fref%3Dsr_1_2_sspa%3Fcrid%3D1RX9B2Y19OZKP%26dib%3DeyJ2IjoiMSJ9.w0izU9bDtJcOoe3M4VlpPf07kB7YKvL7irNs-U-aFDTpfNZgJIyewqKcZEJOkQV_EjNgVRKKRhDNerxCsp9HtjYhVXQTbWAbF4XraccqZQ5Iz_snykKdptCsMGNLom-ZBN_z7q4jLOvfvATMBGScM-pfYNh6hi42SuZW4yN9lJZjp8gCoj3BkKKg-EbmcB_bX5wrbFv6gJVen5rL7gxgz29dC5nuUVqrTBYW7Bzd5OE.UrxcEUlZOnv5g6uePuVvu9WcGGGgK4wjT7xJQahJ85Q%26dib_tag%3Dse%26keywords%3Dheadphones%26qid%3D1719657061%26sprefix%3Dhea%252Caps%252C323%26sr%3D8-2-spons%26sp_csd%3Dd2lkZ2V0TmFtZT1zcF9hdGY%26psc%3D1
2,"ZEBRONICS Zeb-Thunder PRO On-Ear Wireless Headphone Up to 60 Hours Playback, Wired Mode, USB-C Type Charging(Black)",999,https://amazon.in//sspa/click?ie=UTF8&spc=MTo3MTYwODk2MjU4OTMxMTgwOjE3MTk2NTcwNjE6c3BfbXRmOjIwMDIxMTMzNzYxNjk4OjowOjo&url=%2FZebronics-Zeb-Thunder-PRO-Headphone-Supporting%2Fdp%2FB097JPDQR8%2Fref%3Dsr_1_11_sspa%3Fcrid%3D1RX9B2Y19OZKP%26dib%3DeyJ2IjoiMSJ9.w0izU9bDtJcOoe3M4VlpPf07kB7YKvL7irNs-U-aFDTpfNZgJIyewqKcZEJOkQV_EjNgVRKKRhDNerxCsp9HtjYhVXQTbWAbF4XraccqZQ5Iz_snykKdptCsMGNLom-ZBN_z7q4jLOvfvATMBGScM-pfYNh6hi42SuZW4yN9lJZjp8gCoj3BkKKg-EbmcB_bX5wrbFv6gJVen5rL7gxgz29dC5nuUVqrTBYW7Bzd5OE.UrxcEUlZOnv5g6uePuVvu9WcGGGgK4wjT7xJQahJ85Q%26dib_tag%3Dse%26keywords%3Dheadphones%26qid%3D1719657061%26sprefix%3Dhea%252Caps%252C323%26sr%3D8-11-spons%26sp_csd%3Dd2lkZ2V0TmFtZT1zcF9tdGY%26psc%3D1
3,Blaupunkt Newly Launched BH41 Bluetooth Wireless Over Ear Headphones I Long Playtime I 40MM Drivers I Foldable I Flexible & Light Weight I Built in Mic I TurboVolt Fast Charging,"1,449",https://amazon.in//Blaupunkt-BH41-Bluetooth-Headphones-TurboVolt/dp/B0CGRCT77W/ref=sr_1_61?crid=1RX9B2Y19OZKP&dib=eyJ2IjoiMSJ9.rnXaVTUwhQ97Ddh9S6KjEuSCvETUCiBggpEXsUR6hKXLabUMTx6WnC1H5J18CxY8hq_n3gpfQsuJm56yaA0RkpM-Dn_SmAwpXi3o4MehochZqcc0-3HwiW2NNfXlAZ_oBIuVOYgoVUL3Hk3-NXXurIlMP1e-pPbIF_vEbyYISV7yv890ZzEMHl0uGZgpX8481q70i_tXFIXxtYxkX908iQrcjpSDiR9aABC7gDiQzkY.cOuvzR9fTmwmiHAtGzjVIPaQWpToF-md36MMxXMiT78&dib_tag=se&keywords=headphones&qid=1719657087&sprefix=hea%2Caps%2C323&sr=8-61
4,"boAt Rockerz 460 Wireless Headphones w/Up to 30hrs Playtime, 40mm Drivers, Signature Sound, BEASTâ„¢ Mode, ENxâ„¢, Dual Pairing, BT v5.2, Instant Voice Assistant, Adaptive Fit(Bold Blue)","1,799",https://amazon.in//boAt-Rockerz-460-Headphones-Signature/dp/B0D5HGMN72/ref=sr_1_62?crid=1RX9B2Y19OZKP&dib=eyJ2IjoiMSJ9.rnXaVTUwhQ97Ddh9S6KjEuSCvETUCiBggpEXsUR6hKXLabUMTx6WnC1H5J18CxY8hq_n3gpfQsuJm56yaA0RkpM-Dn_SmAwpXi3o4MehochZqcc0-3HwiW2NNfXlAZ_oBIuVOYgoVUL3Hk3-NXXurIlMP1e-pPbIF_vEbyYISV7yv890ZzEMHl0uGZgpX8481q70i_tXFIXxtYxkX908iQrcjpSDiR9aABC7gDiQzkY.cOuvzR9fTmwmiHAtGzjVIPaQWpToF-md36MMxXMiT78&dib_tag=se&keywords=headphones&qid=1719657087&sprefix=hea%2Caps%2C323&sr=8-62
5,"boAt Rockerz 460 Wireless Over Ear Headphones w/Up to 30hrs Playtime, 40mm Drivers, BEASTâ„¢ Mode, ENxâ„¢, Dual Pairing, BT v5.2, Instant Voice Assistant, Adaptive Fit(Crimson White)","1,799",https://amazon.in//boAt-Rockerz-460-Headphones-Assistant/dp/B0D5HJNQD9/ref=sr_1_63?crid=1RX9B2Y19OZKP&dib=eyJ2IjoiMSJ9.rnXaVTUwhQ97Ddh9S6KjEuSCvETUCiBggpEXsUR6hKXLabUMTx6WnC1H5J18CxY8hq_n3gpfQsuJm56yaA0RkpM-Dn_SmAwpXi3o4MehochZqcc0-3HwiW2NNfXlAZ_oBIuVOYgoVUL3Hk3-NXXurIlMP1e-pPbIF_vEbyYISV7yv890ZzEMHl0uGZgpX8481q70i_tXFIXxtYxkX908iQrcjpSDiR9aABC7gDiQzkY.cOuvzR9fTmwmiHAtGzjVIPaQWpToF-md36MMxXMiT78&dib_tag=se&keywords=headphones&qid=1719657087&sprefix=hea%2Caps%2C323&sr=8-63
6,"HAMMER Bash Max Over The Ear Wireless Bluetooth Headphones with Mic, Touch Control, Deep Bass, Upto 18 Hours Playtime, Bluetooth 5.3, Workout/Travel (Black)","2,399",https://amazon.in//HAMMER-Bash-Max-Bluetooth-Headphones/dp/B0CBFZYZM6/ref=sr_1_64?crid=1RX9B2Y19OZKP&dib=eyJ2IjoiMSJ9.rnXaVTUwhQ97Ddh9S6KjEuSCvETUCiBggpEXsUR6hKXLabUMTx6WnC1H5J18CxY8hq_n3gpfQsuJm56yaA0RkpM-Dn_SmAwpXi3o4MehochZqcc0-3HwiW2NNfXlAZ_oBIuVOYgoVUL3Hk3-NXXurIlMP1e-pPbIF_vEbyYISV7yv890ZzEMHl0uGZgpX8481q70i_tXFIXxtYxkX908iQrcjpSDiR9aABC7gDiQzkY.cOuvzR9fTmwmiHAtGzjVIPaQWpToF-md36MMxXMiT78&dib_tag=se&keywords=headphones&qid=1719657087&sprefix=hea%2Caps%2C323&sr=8-64
7,"boAt Rockerz 255 Max in Ear Earphones with 60H Playtime,Eq Modes,Power Magnetic Earbuds,Beast Mode,Enx Tech,ASAP Charge(10 Mins=10 Hrs),Textured Finish,Dual Pair(Stunning Black),Bluetooth","1,396",https://amazon.in//boAt-Rockerz-255-Max-Earphones/dp/B0BSS2J8C3/ref=sr_1_65?crid=1RX9B2Y19OZKP&dib=eyJ2IjoiMSJ9.rnXaVTUwhQ97Ddh9S6KjEuSCvETUCiBggpEXsUR6hKXLabUMTx6WnC1H5J18CxY8hq_n3gpfQsuJm56yaA0RkpM-Dn_SmAwpXi3o4MehochZqcc0-3HwiW2NNfXlAZ_oBIuVOYgoVUL3Hk3-NXXurIlMP1e-pPbIF_vEbyYISV7yv890ZzEMHl0uGZgpX8481q70i_tXFIXxtYxkX908iQrcjpSDiR9aABC7gDiQzkY.cOuvzR9fTmwmiHAtGzjVIPaQWpToF-md36MMxXMiT78&dib_tag=se&keywords=headphones&qid=1719657087&sprefix=hea%2Caps%2C323&sr=8-65
8,"Zebronics Zeb-Bro in Ear Wired Earphones with Mic, 3.5mm Audio Jack, 10mm Drivers, Phone/Tablet Compatible(Black)",175,https://amazon.in//Zebronics-Zeb-Bro-Wired-Earphone/dp/B07T5DKR5D/ref=sr_1_66?crid=1RX9B2Y19OZKP&dib=eyJ2IjoiMSJ9.rnXaVTUwhQ97Ddh9S6KjEuSCvETUCiBggpEXsUR6hKXLabUMTx6WnC1H5J18CxY8hq_n3gpfQsuJm56yaA0RkpM-Dn_SmAwpXi3o4MehochZqcc0-3HwiW2NNfXlAZ_oBIuVOYgoVUL3Hk3-NXXurIlMP1e-pPbIF_vEbyYISV7yv890ZzEMHl0uGZgpX8481q70i_tXFIXxtYxkX908iQrcjpSDiR9aABC7gDiQzkY.cOuvzR9fTmwmiHAtGzjVIPaQWpToF-md36MMxXMiT78&dib_tag=se&keywords=headphones&qid=1719657087&sprefix=hea%2Caps%2C323&sr=8-66
9,"Marshall Major IV Wireless On-Ear Headphones with 80+ hours of Playtime, Multi-Dimensional Control Knob, Wireless Charging- Black","10,999",https://amazon.in//Marshall-Major-Foldable-Bluetooth-Headphones/dp/B08KHT2HDT/ref=sr_1_67?crid=1RX9B2Y19OZKP&dib=eyJ2IjoiMSJ9.rnXaVTUwhQ97Ddh9S6KjEuSCvETUCiBggpEXsUR6hKXLabUMTx6WnC1H5J18CxY8hq_n3gpfQsuJm56yaA0RkpM-Dn_SmAwpXi3o4MehochZqcc0-3HwiW2NNfXlAZ_oBIuVOYgoVUL3Hk3-NXXurIlMP1e-pPbIF_vEbyYISV7yv890ZzEMHl0uGZgpX8481q70i_tXFIXxtYxkX908iQrcjpSDiR9aABC7gDiQzkY.cOuvzR9fTmwmiHAtGzjVIPaQWpToF-md36MMxXMiT78&dib_tag=se&keywords=headphones&qid=1719657087&sprefix=hea%2Caps%2C323&sr=8-67
10,Blaupunkt BH31 Bluetooth Wireless Over Ear Headphones I 40MM Drivers I HD Sound I Soft PU Headband I Media & Volume Control with Built in Mic I TurboVolt Fast Charging I AUX Port (Black),"1,349",https://amazon.in//Blaupunkt-BH31-Bluetooth-Headphones-TurboVolt/dp/B09Y8MV934/ref=sr_1_68?crid=1RX9B2Y19OZKP&dib=eyJ2IjoiMSJ9.rnXaVTUwhQ97Ddh9S6KjEuSCvETUCiBggpEXsUR6hKXLabUMTx6WnC1H5J18CxY8hq_n3gpfQsuJm56yaA0RkpM-Dn_SmAwpXi3o4MehochZqcc0-3HwiW2NNfXlAZ_oBIuVOYgoVUL3Hk3-NXXurIlMP1e-pPbIF_vEbyYISV7yv890ZzEMHl0uGZgpX8481q70i_tXFIXxtYxkX908iQrcjpSDiR9aABC7gDiQzkY.cOuvzR9fTmwmiHAtGzjVIPaQWpToF-md36MMxXMiT78&dib_tag=se&keywords=headphones&qid=1719657087&sprefix=hea%2Caps%2C323&sr=8-68
11,"Boult Audio ZCharge Bluetooth Earphones with 40H Playtime, Dual Pairing Neckband, Zenâ„¢ ENC Mic, Type-C Fast Charging (10Mins=15Hrs), Biggest 14.2mm Bass Driver IPX5 Premium Silicone Neck band (Red)",999,https://amazon.in//sspa/click?ie=UTF8&spc=MTo1OTcwNjk5ODY0ODIyMTgwOjE3MTk2NTcwODc6c3BfYnRmOjIwMDIzNDIwMTkyMDk4OjowOjo&url=%2FBoult-Audio-Earphones-Environmental-Cancellation%2Fdp%2FB09NR7THVZ%2Fref%3Dsr_1_69_sspa%3Fcrid%3D1RX9B2Y19OZKP%26dib%3DeyJ2IjoiMSJ9.rnXaVTUwhQ97Ddh9S6KjEuSCvETUCiBggpEXsUR6hKXLabUMTx6WnC1H5J18CxY8hq_n3gpfQsuJm56yaA0RkpM-Dn_SmAwpXi3o4MehochZqcc0-3HwiW2NNfXlAZ_oBIuVOYgoVUL3Hk3-NXXurIlMP1e-pPbIF_vEbyYISV7yv890ZzEMHl0uGZgpX8481q70i_tXFIXxtYxkX908iQrcjpSDiR9aABC7gDiQzkY.cOuvzR9fTmwmiHAtGzjVIPaQWpToF-md36MMxXMiT78%26dib_tag%3Dse%26keywords%3Dheadphones%26qid%3D1719657087%26sprefix%3Dhea%252Caps%252C323%26sr%3D8-69-spons%26sp_csd%3Dd2lkZ2V0TmFtZT1zcF9idGY%26psc%3D1
12,"Noise Buds N1 in-Ear Truly Wireless Earbuds with Chrome Finish, 40H of Playtime, Quad Mic with ENC, Ultra Low Latency(up to 40 ms), Instacharge(10 min=120 min), BT v5.3(Carbon Black)","1,297",https://amazon.in//sspa/click?ie=UTF8&spc=MTo1OTcwNjk5ODY0ODIyMTgwOjE3MTk2NTcwODc6c3BfYnRmOjMwMDEzNDMwNDE0NjUzMjo6MDo6&url=%2FNoise-Launched-Wireless-Playtime-Instacharge%2Fdp%2FB0CQJWMMG7%2Fref%3Dsr_1_70_sspa%3Fcrid%3D1RX9B2Y19OZKP%26dib%3DeyJ2IjoiMSJ9.rnXaVTUwhQ97Ddh9S6KjEuSCvETUCiBggpEXsUR6hKXLabUMTx6WnC1H5J18CxY8hq_n3gpfQsuJm56yaA0RkpM-Dn_SmAwpXi3o4MehochZqcc0-3HwiW2NNfXlAZ_oBIuVOYgoVUL3Hk3-NXXurIlMP1e-pPbIF_vEbyYISV7yv890ZzEMHl0uGZgpX8481q70i_tXFIXxtYxkX908iQrcjpSDiR9aABC7gDiQzkY.cOuvzR9fTmwmiHAtGzjVIPaQWpToF-md36MMxXMiT78%26dib_tag%3Dse%26keywords%3Dheadphones%26qid%3D1719657087%26sprefix%3Dhea%252Caps%252C323%26sr%3D8-70-spons%26sp_csd%3Dd2lkZ2V0TmFtZT1zcF9idGY%26psc%3D1
13,Fastrack Fpods FZ100 TWS in-Ear Earbuds with Mega 50 Hrs Playtime|Extra Deep Bass Driver|Quad Mic ENC for Clear Calls|Ultra Low 40ms Latency Gaming Mode|NitroFast Charge-200 Min in 10 Min-Black,999,https://amazon.in//sspa/click?ie=UTF8&spc=MTo3MTYwODk2MjU4OTMxMTgwOjE3MTk2NTcwNjE6c3BfbXRmOjMwMDE1MTcyMDQyMTUzMjo6MDo6&url=%2FFastrack-Earbuds-Playtime-Crystal-NitroFast%2Fdp%2FB0C1PC9Y9D%2Fref%3Dsr_1_12_sspa%3Fcrid%3D1RX9B2Y19OZKP%26dib%3DeyJ2IjoiMSJ9.w0izU9bDtJcOoe3M4VlpPf07kB7YKvL7irNs-U-aFDTpfNZgJIyewqKcZEJOkQV_EjNgVRKKRhDNerxCsp9HtjYhVXQTbWAbF4XraccqZQ5Iz_snykKdptCsMGNLom-ZBN_z7q4jLOvfvATMBGScM-pfYNh6hi42SuZW4yN9lJZjp8gCoj3BkKKg-EbmcB_bX5wrbFv6gJVen5rL7gxgz29dC5nuUVqrTBYW7Bzd5OE.UrxcEUlZOnv5g6uePuVvu9WcGGGgK4wjT7xJQahJ85Q%26dib_tag%3Dse%26keywords%3Dheadphones%26qid%3D1719657061%26sprefix%3Dhea%252Caps%252C323%26sr%3D8-12-spons%26sp_csd%3Dd2lkZ2V0TmFtZT1zcF9tdGY%26psc%3D1
14,"Noise Newly Launched Three Wireless On-Ear Headphones with 70H Playtime, 40mm Driver, Low Latency(up to 45ms),Dual Pairing, BT v5.3 (Space Blue)","1,997",https://amazon.in//Noise-Launched-Wireless-Headphones-Playtime/dp/B0CFYJVSGV/ref=sr_1_13?crid=1RX9B2Y19OZKP&dib=eyJ2IjoiMSJ9.w0izU9bDtJcOoe3M4VlpPf07kB7YKvL7irNs-U-aFDTpfNZgJIyewqKcZEJOkQV_EjNgVRKKRhDNerxCsp9HtjYhVXQTbWAbF4XraccqZQ5Iz_snykKdptCsMGNLom-ZBN_z7q4jLOvfvATMBGScM-pfYNh6hi42SuZW4yN9lJZjp8gCoj3BkKKg-EbmcB_bX5wrbFv6gJVen5rL7gxgz29dC5nuUVqrTBYW7Bzd5OE.UrxcEUlZOnv5g6uePuVvu9WcGGGgK4wjT7xJQahJ85Q&dib_tag=se&keywords=headphones&qid=1719657061&sprefix=hea%2Caps%2C323&sr=8-13
15,"Sony WH-CH520, Wireless On-Ear Bluetooth Headphones with Mic, upto 50 Hours Playtime, DSEE Upscale, Multipoint Connectivity/Dual Pairing,Voice Assistant App Support for Mobile Phones (Beige)","4,489",https://amazon.in//Sony-WH-CH520-Headphones-Multipoint-Connectivity/dp/B0BZPK3XFQ/ref=sr_1_14?crid=1RX9B2Y19OZKP&dib=eyJ2IjoiMSJ9.w0izU9bDtJcOoe3M4VlpPf07kB7YKvL7irNs-U-aFDTpfNZgJIyewqKcZEJOkQV_EjNgVRKKRhDNerxCsp9HtjYhVXQTbWAbF4XraccqZQ5Iz_snykKdptCsMGNLom-ZBN_z7q4jLOvfvATMBGScM-pfYNh6hi42SuZW4yN9lJZjp8gCoj3BkKKg-EbmcB_bX5wrbFv6gJVen5rL7gxgz29dC5nuUVqrTBYW7Bzd5OE.UrxcEUlZOnv5g6uePuVvu9WcGGGgK4wjT7xJQahJ85Q&dib_tag=se&keywords=headphones&qid=1719657061&sprefix=hea%2Caps%2C323&sr=8-14
16,"boAt Rockerz 550 Bluetooth Wireless Over Ear Headphones with Upto 20 Hours Playback, 50MM Drivers, Soft Padded Ear Cushions and Physical Noise Isolation with Mic (Black Symphony)","2,599",https://amazon.in//boAt-Rockerz-550-Headphone-Aesthetics/dp/B08R7M1JM5/ref=sr_1_15?crid=1RX9B2Y19OZKP&dib=eyJ2IjoiMSJ9.w0izU9bDtJcOoe3M4VlpPf07kB7YKvL7irNs-U-aFDTpfNZgJIyewqKcZEJOkQV_EjNgVRKKRhDNerxCsp9HtjYhVXQTbWAbF4XraccqZQ5Iz_snykKdptCsMGNLom-ZBN_z7q4jLOvfvATMBGScM-pfYNh6hi42SuZW4yN9lJZjp8gCoj3BkKKg-EbmcB_bX5wrbFv6gJVen5rL7gxgz29dC5nuUVqrTBYW7Bzd5OE.UrxcEUlZOnv5g6uePuVvu9WcGGGgK4wjT7xJQahJ85Q&dib_tag=se&keywords=headphones&qid=1719657061&sprefix=hea%2Caps%2C323&sr=8-15
17,"Sony WH-CH520, Wireless On-Ear Bluetooth Headphones with Mic, upto 50 Hours Playtime, DSEE Upscale, Multipoint Connectivity/Dual Pairing,Voice Assistant App Support for Mobile Phones (Blue)","4,490",https://amazon.in//Sony-Bluetooth-Headphones-Multipoint-Connectivity/dp/B0BS1RT9S2/ref=sr_1_16?crid=1RX9B2Y19OZKP&dib=eyJ2IjoiMSJ9.w0izU9bDtJcOoe3M4VlpPf07kB7YKvL7irNs-U-aFDTpfNZgJIyewqKcZEJOkQV_EjNgVRKKRhDNerxCsp9HtjYhVXQTbWAbF4XraccqZQ5Iz_snykKdptCsMGNLom-ZBN_z7q4jLOvfvATMBGScM-pfYNh6hi42SuZW4yN9lJZjp8gCoj3BkKKg-EbmcB_bX5wrbFv6gJVen5rL7gxgz29dC5nuUVqrTBYW7Bzd5OE.UrxcEUlZOnv5g6uePuVvu9WcGGGgK4wjT7xJQahJ85Q&dib_tag=se&keywords=headphones&qid=1719657061&sprefix=hea%2Caps%2C323&sr=8-16
18,"boAt Rockerz 450 Bluetooth On Ear Headphones with Mic, Upto 15 Hours Playback, 40MM Drivers, Padded Ear Cushions, Integrated Controls and Dual Modes(Hazel Beige)","1,999",https://amazon.in//Boat-Rockerz-450-Lightweight-Compatibility/dp/B086671ZSR/ref=sr_1_17?crid=1RX9B2Y19OZKP&dib=eyJ2IjoiMSJ9.w0izU9bDtJcOoe3M4VlpPf07kB7YKvL7irNs-U-aFDTpfNZgJIyewqKcZEJOkQV_EjNgVRKKRhDNerxCsp9HtjYhVXQTbWAbF4XraccqZQ5Iz_snykKdptCsMGNLom-ZBN_z7q4jLOvfvATMBGScM-pfYNh6hi42SuZW4yN9lJZjp8gCoj3BkKKg-EbmcB_bX5wrbFv6gJVen5rL7gxgz29dC5nuUVqrTBYW7Bzd5OE.UrxcEUlZOnv5g6uePuVvu9WcGGGgK4wjT7xJQahJ85Q&dib_tag=se&keywords=headphones&qid=1719657061&sprefix=hea%2Caps%2C323&sr=8-17
19,"Noise Two Wireless On-Ear Headphones with 50 Hours Playtime, Low Latency(up to 40ms), 4 Play Modes, Dual Pairing, BT v5.3 (Bold Black)","1,697",https://amazon.in//Launched-Noise-Headphones-Playtime-Latency/dp/B0B1PX62WJ/ref=sr_1_18?crid=1RX9B2Y19OZKP&dib=eyJ2IjoiMSJ9.w0izU9bDtJcOoe3M4VlpPf07kB7YKvL7irNs-U-aFDTpfNZgJIyewqKcZEJOkQV_EjNgVRKKRhDNerxCsp9HtjYhVXQTbWAbF4XraccqZQ5Iz_snykKdptCsMGNLom-ZBN_z7q4jLOvfvATMBGScM-pfYNh6hi42SuZW4yN9lJZjp8gCoj3BkKKg-EbmcB_bX5wrbFv6gJVen5rL7gxgz29dC5nuUVqrTBYW7Bzd5OE.UrxcEUlZOnv5g6uePuVvu9WcGGGgK4wjT7xJQahJ85Q&dib_tag=se&keywords=headphones&qid=1719657061&sprefix=hea%2Caps%2C323&sr=8-18
20,"Zebronics Zeb-Storm Wired On Ear Headphone with 3.5mm Jack, Built-in Microphone for Calling, 1.5 Meter Cable, Soft Ear Cushion, Adjustable Headband, Foldable Ear Cups and Lightweight Design (Black)",549,https://amazon.in//ZEBRONICS-Zeb-Storm-Microphone-Adjustable-Lightweight/dp/B0B4G44RFS/ref=sr_1_19?crid=1RX9B2Y19OZKP&dib=eyJ2IjoiMSJ9.w0izU9bDtJcOoe3M4VlpPf07kB7YKvL7irNs-U-aFDTpfNZgJIyewqKcZEJOkQV_EjNgVRKKRhDNerxCsp9HtjYhVXQTbWAbF4XraccqZQ5Iz_snykKdptCsMGNLom-ZBN_z7q4jLOvfvATMBGScM-pfYNh6hi42SuZW4yN9lJZjp8gCoj3BkKKg-EbmcB_bX5wrbFv6gJVen5rL7gxgz29dC5nuUVqrTBYW7Bzd5OE.UrxcEUlZOnv5g6uePuVvu9WcGGGgK4wjT7xJQahJ85Q&dib_tag=se&keywords=headphones&qid=1719657061&sprefix=hea%2Caps%2C323&sr=8-19
21,ZEBRONICS Duke 60hrs Playback Bluetooth Wireless Over Ear Headphone with Mic (Blue),"1,399",https://amazon.in//Zebronics-Bluetooth-Headphone-Assistant-Multifunction/dp/B088FLHXJX/ref=sr_1_20?crid=1RX9B2Y19OZKP&dib=eyJ2IjoiMSJ9.w0izU9bDtJcOoe3M4VlpPf07kB7YKvL7irNs-U-aFDTpfNZgJIyewqKcZEJOkQV_EjNgVRKKRhDNerxCsp9HtjYhVXQTbWAbF4XraccqZQ5Iz_snykKdptCsMGNLom-ZBN_z7q4jLOvfvATMBGScM-pfYNh6hi42SuZW4yN9lJZjp8gCoj3BkKKg-EbmcB_bX5wrbFv6gJVen5rL7gxgz29dC5nuUVqrTBYW7Bzd5OE.UrxcEUlZOnv5g6uePuVvu9WcGGGgK4wjT7xJQahJ85Q&dib_tag=se&keywords=headphones&qid=1719657061&sprefix=hea%2Caps%2C323&sr=8-20
22,"boAt Rockerz 450 Bluetooth On Ear Headphones with Mic, Upto 15 Hours Playback, 40MM Drivers, Padded Ear Cushions, Integrated Controls and Dual Modes(Luscious Black)","1,999",https://amazon.in//gp/bestsellers/electronics/14146391031/ref=sr_bs_2_14146391031_1
23,"pTron InTunes Magic in-Ear Bluetooth 5.0 Wireless Headphones with Deep Bass, 18H Playtime, Clear Calls, Dual Device Pairing Wireless Neckband, Fast Type-C Charge, Voice Assistant & IPX4 (Jet Black)",499,https://amazon.in//sspa/click?ie=UTF8&spc=MTo3MTYwODk2MjU4OTMxMTgwOjE3MTk2NTcwNjE6c3BfYnRmOjMwMDIwNjUxNjY5NzQzMjo6MDo6&url=%2FpTron-InTunes-Magic-Bluetooth-Headphones%2Fdp%2FB0D2V86Q8M%2Fref%3Dsr_1_21_sspa%3Fcrid%3D1RX9B2Y19OZKP%26dib%3DeyJ2IjoiMSJ9.w0izU9bDtJcOoe3M4VlpPf07kB7YKvL7irNs-U-aFDTpfNZgJIyewqKcZEJOkQV_EjNgVRKKRhDNerxCsp9HtjYhVXQTbWAbF4XraccqZQ5Iz_snykKdptCsMGNLom-ZBN_z7q4jLOvfvATMBGScM-pfYNh6hi42SuZW4yN9lJZjp8gCoj3BkKKg-EbmcB_bX5wrbFv6gJVen5rL7gxgz29dC5nuUVqrTBYW7Bzd5OE.UrxcEUlZOnv5g6uePuVvu9WcGGGgK4wjT7xJQahJ85Q%26dib_tag%3Dse%26keywords%3Dheadphones%26qid%3D1719657061%26sprefix%3Dhea%252Caps%252C323%26sr%3D8-21-spons%26sp_csd%3Dd2lkZ2V0TmFtZT1zcF9idGY%26psc%3D1
24,"boAt Rockerz 450 Bluetooth On Ear Headphones with Mic, Upto 15 Hours Playback, 40MM Drivers, Padded Ear Cushions, Integrated Controls and Dual Modes(Luscious Black)","1,999",https://amazon.in//gp/bestsellers/electronics/14146391031/ref=sr_bs_21_14146391031_1
25,"soundcore by Anker H30i Wireless On-Ear Headphones, Foldable Design, Pure Bass, 70H Playtime, Bluetooth 5.3, Lightweight and Comfortable, App Connectivity, Multipoint Connection (Black)","2,599",https://amazon.in//sspa/click?ie=UTF8&spc=MToxODM0MDczNjYzNjk4MTgwOjE3MTk2NTcwNjc6c3BfYXRmOjMwMDE2MDAxMDcxNjUzMjo6MDo6&url=%2Fsoundcore-Headphones-Lightweight-Comfortable-Connectivity%2Fdp%2FB0CD1FHLMH%2Fref%3Dsr_1_1_sspa%3Fcrid%3D1RX9B2Y19OZKP%26dib%3DeyJ2IjoiMSJ9.w0izU9bDtJcOoe3M4VlpPf07kB7YKvL7irNs-U-aFDTpfNZgJIyewqKcZEJOkQV_EjNgVRKKRhDNerxCsp9HtjYhVXQTbWAbF4XraccqZQ5Iz_snykKdptCsMGNLom-ZBN_z7q4jLOvfvATMBGScM-pfYNh6hi42SuZW4yN9lJZjp8gCoj3BkKKg-EbmcB_bX5wrbFv6gJVen5rL7gxgz29dC5nuUVqrTBYW7Bzd5OE.UrxcEUlZOnv5g6uePuVvu9WcGGGgK4wjT7xJQahJ85Q%26dib_tag%3Dse%26keywords%3Dheadphones%26qid%3D1719657067%26sprefix%3Dhea%252Caps%252C323%26sr%3D8-1-spons%26sp_csd%3Dd2lkZ2V0TmFtZT1zcF9hdGY%26psc%3D1
26,"soundcore by Anker, Space One Active Noise Cancelling Bluetooth Headphones with Travel Pouch, 2X Stronger Voice Reduction, 40H ANC Playtime, App Control, LDAC Hi-Res, Ergonomic Design for Comfort Fit","8,998",https://amazon.in//sspa/click?ie=UTF8&spc=MToxODM0MDczNjYzNjk4MTgwOjE3MTk2NTcwNjc6c3BfYXRmOjMwMDE2NDA0MDg0NDUzMjo6MDo6&url=%2Fsoundcore-Cancelling-Bluetooth-Headphones-Reduction%2Fdp%2FB0C6KFZC9Z%2Fref%3Dsr_1_2_sspa%3Fcrid%3D1RX9B2Y19OZKP%26dib%3DeyJ2IjoiMSJ9.w0izU9bDtJcOoe3M4VlpPf07kB7YKvL7irNs-U-aFDTpfNZgJIyewqKcZEJOkQV_EjNgVRKKRhDNerxCsp9HtjYhVXQTbWAbF4XraccqZQ5Iz_snykKdptCsMGNLom-ZBN_z7q4jLOvfvATMBGScM-pfYNh6hi42SuZW4yN9lJZjp8gCoj3BkKKg-EbmcB_bX5wrbFv6gJVen5rL7gxgz29dC5nuUVqrTBYW7Bzd5OE.UrxcEUlZOnv5g6uePuVvu9WcGGGgK4wjT7xJQahJ85Q%26dib_tag%3Dse%26keywords%3Dheadphones%26qid%3D1719657067%26sprefix%3Dhea%252Caps%252C323%26sr%3D8-2-spons%26sp_csd%3Dd2lkZ2V0TmFtZT1zcF9hdGY%26psc%3D1
27,"boAt Rockerz 450 Bluetooth On Ear Headphones with Mic, Upto 15 Hours Playback, 40MM Drivers, Padded Ear Cushions, Integrated Controls and Dual Modes(Luscious Black)","1,999",https://amazon.in//gp/bestsellers/electronics/14146391031/ref=sr_bs_2_14146391031_1
28,"Noise Two Wireless On-Ear Headphones with 50 Hours Playtime, Low Latency(up to 40ms), 4 Play Modes, Dual Pairing, BT v5.3 (Serene Blue)","1,697",https://amazon.in//Launched-Noise-Headphones-Playtime-Latency/dp/B0B1PXM75C/ref=sr_1_4?crid=1RX9B2Y19OZKP&dib=eyJ2IjoiMSJ9.w0izU9bDtJcOoe3M4VlpPf07kB7YKvL7irNs-U-aFDTpfNZgJIyewqKcZEJOkQV_EjNgVRKKRhDNerxCsp9HtjYhVXQTbWAbF4XraccqZQ5Iz_snykKdptCsMGNLom-ZBN_z7q4jLOvfvATMBGScM-pfYNh6hi42SuZW4yN9lJZjp8gCoj3BkKKg-EbmcB_bX5wrbFv6gJVen5rL7gxgz29dC5nuUVqrTBYW7Bzd5OE.UrxcEUlZOnv5g6uePuVvu9WcGGGgK4wjT7xJQahJ85Q&dib_tag=se&keywords=headphones&qid=1719657067&sprefix=hea%2Caps%2C323&sr=8-4
29,"JBL C100SI Wired In Ear Headphones with Mic, JBL Pure Bass Sound, One Button Multi-function Remote, Premium Metallic Finish, Angled Buds for Comfort fit (Black)",599,https://amazon.in//JBL-C100SI-Ear-Headphones-Black/dp/B01DEWVZ2C/ref=ice_ac_b_dpb?crid=1RX9B2Y19OZKP&dib=eyJ2IjoiMSJ9.w0izU9bDtJcOoe3M4VlpPf07kB7YKvL7irNs-U-aFDTpfNZgJIyewqKcZEJOkQV_EjNgVRKKRhDNerxCsp9HtjYhVXQTbWAbF4XraccqZQ5Iz_snykKdptCsMGNLom-ZBN_z7q4jLOvfvATMBGScM-pfYNh6hi42SuZW4yN9lJZjp8gCoj3BkKKg-EbmcB_bX5wrbFv6gJVen5rL7gxgz29dC5nuUVqrTBYW7Bzd5OE.UrxcEUlZOnv5g6uePuVvu9WcGGGgK4wjT7xJQahJ85Q&dib_tag=se&keywords=headphones&qid=1719657067&sprefix=hea%2Caps%2C323&sr=8-5
30,"ZEBRONICS Thunder Bluetooth 5.3 Wireless Over ear Headphones with 60H Backup, Gaming Mode, Dual Pairing, ENC, AUX, Micro SD, Voice Assistant, Comfortable Earcups, Call Function(Sea Green)",799,https://amazon.in//ZEBRONICS-Zeb-Thunder-Connectivity-Sea-Green/dp/B09B5CPV71/ref=sr_1_6?crid=1RX9B2Y19OZKP&dib=eyJ2IjoiMSJ9.w0izU9bDtJcOoe3M4VlpPf07kB7YKvL7irNs-U-aFDTpfNZgJIyewqKcZEJOkQV_EjNgVRKKRhDNerxCsp9HtjYhVXQTbWAbF4XraccqZQ5Iz_snykKdptCsMGNLom-ZBN_z7q4jLOvfvATMBGScM-pfYNh6hi42SuZW4yN9lJZjp8gCoj3BkKKg-EbmcB_bX5wrbFv6gJVen5rL7gxgz29dC5nuUVqrTBYW7Bzd5OE.UrxcEUlZOnv5g6uePuVvu9WcGGGgK4wjT7xJQahJ85Q&dib_tag=se&keywords=headphones&qid=1719657067&sprefix=hea%2Caps%2C323&sr=8-6
31,Logitech H111 Wired On Ear Headphones With Mic Black,745,https://amazon.in//Logitech-H111-Stero-Headset-Black/dp/B00Y4ORQ46/ref=sr_1_7?crid=1RX9B2Y19OZKP&dib=eyJ2IjoiMSJ9.w0izU9bDtJcOoe3M4VlpPf07kB7YKvL7irNs-U-aFDTpfNZgJIyewqKcZEJOkQV_EjNgVRKKRhDNerxCsp9HtjYhVXQTbWAbF4XraccqZQ5Iz_snykKdptCsMGNLom-ZBN_z7q4jLOvfvATMBGScM-pfYNh6hi42SuZW4yN9lJZjp8gCoj3BkKKg-EbmcB_bX5wrbFv6gJVen5rL7gxgz29dC5nuUVqrTBYW7Bzd5OE.UrxcEUlZOnv5g6uePuVvu9WcGGGgK4wjT7xJQahJ85Q&dib_tag=se&keywords=headphones&qid=1719657067&sprefix=hea%2Caps%2C323&sr=8-7
32,"ZEBRONICS Zeb-Dynamic with Bluetooth Supporting Headphone, Aux Input, Call Function and Media/Volume Control | Voice Assistant Support (Red)",699,https://amazon.in//Zebronics-Zeb-Dynamic-Bluetooth-Supporting-Red/dp/B09ZJ45J7L/ref=sr_1_8?crid=1RX9B2Y19OZKP&dib=eyJ2IjoiMSJ9.w0izU9bDtJcOoe3M4VlpPf07kB7YKvL7irNs-U-aFDTpfNZgJIyewqKcZEJOkQV_EjNgVRKKRhDNerxCsp9HtjYhVXQTbWAbF4XraccqZQ5Iz_snykKdptCsMGNLom-ZBN_z7q4jLOvfvATMBGScM-pfYNh6hi42SuZW4yN9lJZjp8gCoj3BkKKg-EbmcB_bX5wrbFv6gJVen5rL7gxgz29dC5nuUVqrTBYW7Bzd5OE.UrxcEUlZOnv5g6uePuVvu9WcGGGgK4wjT7xJQahJ85Q&dib_tag=se&keywords=headphones&qid=1719657067&sprefix=hea%2Caps%2C323&sr=8-8
33,"Noise Two Wireless On-Ear Headphones with 50 Hours Playtime, Low Latency(up to 40ms), 4 Play Modes, Dual Pairing, BT v5.3 (Serene Blue)","1,697",https://amazon.in//Launched-Noise-Headphones-Playtime-Latency/dp/B0B1PXM75C/ref=sr_1_4?crid=1RX9B2Y19OZKP&dib=eyJ2IjoiMSJ9.w0izU9bDtJcOoe3M4VlpPf07kB7YKvL7irNs-U-aFDTpfNZgJIyewqKcZEJOkQV_EjNgVRKKRhDNerxCsp9HtjYhVXQTbWAbF4XraccqZQ5Iz_snykKdptCsMGNLom-ZBN_z7q4jLOvfvATMBGScM-pfYNh6hi42SuZW4yN9lJZjp8gCoj3BkKKg-EbmcB_bX5wrbFv6gJVen5rL7gxgz29dC5nuUVqrTBYW7Bzd5OE.UrxcEUlZOnv5g6uePuVvu9WcGGGgK4wjT7xJQahJ85Q&dib_tag=se&keywords=headphones&qid=1719657061&sprefix=hea%2Caps%2C323&sr=8-4
34,"ZEBRONICS Zeb-Bro in Ear Wired Earphones with Mic, 3.5mm Audio Jack, 10mm Drivers, Phone/Tablet Compatible(Blue)",175,https://amazon.in//ZEBRONICS-Zeb-Bro-Earphones-Drivers-Compatible/dp/B09R24HMNW/ref=sr_1_9?crid=1RX9B2Y19OZKP&dib=eyJ2IjoiMSJ9.w0izU9bDtJcOoe3M4VlpPf07kB7YKvL7irNs-U-aFDTpfNZgJIyewqKcZEJOkQV_EjNgVRKKRhDNerxCsp9HtjYhVXQTbWAbF4XraccqZQ5Iz_snykKdptCsMGNLom-ZBN_z7q4jLOvfvATMBGScM-pfYNh6hi42SuZW4yN9lJZjp8gCoj3BkKKg-EbmcB_bX5wrbFv6gJVen5rL7gxgz29dC5nuUVqrTBYW7Bzd5OE.UrxcEUlZOnv5g6uePuVvu9WcGGGgK4wjT7xJQahJ85Q&dib_tag=se&keywords=headphones&qid=1719657067&sprefix=hea%2Caps%2C323&sr=8-9
35,"boAt Rockerz 460 Wireless Over Ear Headphones w/Up to 30hrs Playtime, 40mm Drivers, BEASTâ„¢ Mode, ENxâ„¢, Dual Pairing, BT v5.2, Instant Voice Assistant, Adaptive Fit(Active Black)","1,799",https://amazon.in//boAt-Rockerz-460-Headphones-Assistant/dp/B0CC2G8L22/ref=sr_1_10?crid=1RX9B2Y19OZKP&dib=eyJ2IjoiMSJ9.w0izU9bDtJcOoe3M4VlpPf07kB7YKvL7irNs-U-aFDTpfNZgJIyewqKcZEJOkQV_EjNgVRKKRhDNerxCsp9HtjYhVXQTbWAbF4XraccqZQ5Iz_snykKdptCsMGNLom-ZBN_z7q4jLOvfvATMBGScM-pfYNh6hi42SuZW4yN9lJZjp8gCoj3BkKKg-EbmcB_bX5wrbFv6gJVen5rL7gxgz29dC5nuUVqrTBYW7Bzd5OE.UrxcEUlZOnv5g6uePuVvu9WcGGGgK4wjT7xJQahJ85Q&dib_tag=se&keywords=headphones&qid=1719657067&sprefix=hea%2Caps%2C323&sr=8-10
36,"ZEBRONICS Zeb-Thunder PRO On-Ear Wireless Headphone Up to 60 Hours Playback, Wired Mode, USB-C Type Charging(Black)",999,https://amazon.in//sspa/click?ie=UTF8&spc=MToxODM0MDczNjYzNjk4MTgwOjE3MTk2NTcwNjc6c3BfbXRmOjIwMDIxMTMzNzYxNjk4OjowOjo&url=%2FZebronics-Zeb-Thunder-PRO-Headphone-Supporting%2Fdp%2FB097JPDQR8%2Fref%3Dsr_1_11_sspa%3Fcrid%3D1RX9B2Y19OZKP%26dib%3DeyJ2IjoiMSJ9.w0izU9bDtJcOoe3M4VlpPf07kB7YKvL7irNs-U-aFDTpfNZgJIyewqKcZEJOkQV_EjNgVRKKRhDNerxCsp9HtjYhVXQTbWAbF4XraccqZQ5Iz_snykKdptCsMGNLom-ZBN_z7q4jLOvfvATMBGScM-pfYNh6hi42SuZW4yN9lJZjp8gCoj3BkKKg-EbmcB_bX5wrbFv6gJVen5rL7gxgz29dC5nuUVqrTBYW7Bzd5OE.UrxcEUlZOnv5g6uePuVvu9WcGGGgK4wjT7xJQahJ85Q%26dib_tag%3Dse%26keywords%3Dheadphones%26qid%3D1719657067%26sprefix%3Dhea%252Caps%252C323%26sr%3D8-11-spons%26sp_csd%3Dd2lkZ2V0TmFtZT1zcF9tdGY%26psc%3D1
37,Fastrack Fpods FZ100 TWS in-Ear Earbuds with Mega 50 Hrs Playtime|Extra Deep Bass Driver|Quad Mic ENC for Clear Calls|Ultra Low 40ms Latency Gaming Mode|NitroFast Charge-200 Min in 10 Min-Black,999,https://amazon.in//sspa/click?ie=UTF8&spc=MToxODM0MDczNjYzNjk4MTgwOjE3MTk2NTcwNjc6c3BfbXRmOjMwMDE1MTcyMDQyMTUzMjo6MDo6&url=%2FFastrack-Earbuds-Playtime-Crystal-NitroFast%2Fdp%2FB0C1PC9Y9D%2Fref%3Dsr_1_12_sspa%3Fcrid%3D1RX9B2Y19OZKP%26dib%3DeyJ2IjoiMSJ9.w0izU9bDtJcOoe3M4VlpPf07kB7YKvL7irNs-U-aFDTpfNZgJIyewqKcZEJOkQV_EjNgVRKKRhDNerxCsp9HtjYhVXQTbWAbF4XraccqZQ5Iz_snykKdptCsMGNLom-ZBN_z7q4jLOvfvATMBGScM-pfYNh6hi42SuZW4yN9lJZjp8gCoj3BkKKg-EbmcB_bX5wrbFv6gJVen5rL7gxgz29dC5nuUVqrTBYW7Bzd5OE.UrxcEUlZOnv5g6uePuVvu9WcGGGgK4wjT7xJQahJ85Q%26dib_tag%3Dse%26keywords%3Dheadphones%26qid%3D1719657067%26sprefix%3Dhea%252Caps%252C323%26sr%3D8-12-spons%26sp_csd%3Dd2lkZ2V0TmFtZT1zcF9tdGY%26psc%3D1
38,"Noise Newly Launched Three Wireless On-Ear Headphones with 70H Playtime, 40mm Driver, Low Latency(up to 45ms),Dual Pairing, BT v5.3 (Space Blue)","1,997",https://amazon.in//Noise-Launched-Wireless-Headphones-Playtime/dp/B0CFYJVSGV/ref=sr_1_13?crid=1RX9B2Y19OZKP&dib=eyJ2IjoiMSJ9.w0izU9bDtJcOoe3M4VlpPf07kB7YKvL7irNs-U-aFDTpfNZgJIyewqKcZEJOkQV_EjNgVRKKRhDNerxCsp9HtjYhVXQTbWAbF4XraccqZQ5Iz_snykKdptCsMGNLom-ZBN_z7q4jLOvfvATMBGScM-pfYNh6hi42SuZW4yN9lJZjp8gCoj3BkKKg-EbmcB_bX5wrbFv6gJVen5rL7gxgz29dC5nuUVqrTBYW7Bzd5OE.UrxcEUlZOnv5g6uePuVvu9WcGGGgK4wjT7xJQahJ85Q&dib_tag=se&keywords=headphones&qid=1719657067&sprefix=hea%2Caps%2C323&sr=8-13
39,"Sony WH-CH520, Wireless On-Ear Bluetooth Headphones with Mic, upto 50 Hours Playtime, DSEE Upscale, Multipoint Connectivity/Dual Pairing,Voice Assistant App Support for Mobile Phones (Beige)","4,489",https://amazon.in//Sony-WH-CH520-Headphones-Multipoint-Connectivity/dp/B0BZPK3XFQ/ref=sr_1_14?crid=1RX9B2Y19OZKP&dib=eyJ2IjoiMSJ9.w0izU9bDtJcOoe3M4VlpPf07kB7YKvL7irNs-U-aFDTpfNZgJIyewqKcZEJOkQV_EjNgVRKKRhDNerxCsp9HtjYhVXQTbWAbF4XraccqZQ5Iz_snykKdptCsMGNLom-ZBN_z7q4jLOvfvATMBGScM-pfYNh6hi42SuZW4yN9lJZjp8gCoj3BkKKg-EbmcB_bX5wrbFv6gJVen5rL7gxgz29dC5nuUVqrTBYW7Bzd5OE.UrxcEUlZOnv5g6uePuVvu9WcGGGgK4wjT7xJQahJ85Q&dib_tag=se&keywords=headphones&qid=1719657067&sprefix=hea%2Caps%2C323&sr=8-14
40,"boAt Rockerz 550 Bluetooth Wireless Over Ear Headphones with Upto 20 Hours Playback, 50MM Drivers, Soft Padded Ear Cushions and Physical Noise Isolation with Mic (Black Symphony)","2,599",https://amazon.in//boAt-Rockerz-550-Headphone-Aesthetics/dp/B08R7M1JM5/ref=sr_1_15?crid=1RX9B2Y19OZKP&dib=eyJ2IjoiMSJ9.w0izU9bDtJcOoe3M4VlpPf07kB7YKvL7irNs-U-aFDTpfNZgJIyewqKcZEJOkQV_EjNgVRKKRhDNerxCsp9HtjYhVXQTbWAbF4XraccqZQ5Iz_snykKdptCsMGNLom-ZBN_z7q4jLOvfvATMBGScM-pfYNh6hi42SuZW4yN9lJZjp8gCoj3BkKKg-EbmcB_bX5wrbFv6gJVen5rL7gxgz29dC5nuUVqrTBYW7Bzd5OE.UrxcEUlZOnv5g6uePuVvu9WcGGGgK4wjT7xJQahJ85Q&dib_tag=se&keywords=headphones&qid=1719657067&sprefix=hea%2Caps%2C323&sr=8-15
41,"Sony WH-CH520, Wireless On-Ear Bluetooth Headphones with Mic, upto 50 Hours Playtime, DSEE Upscale, Multipoint Connectivity/Dual Pairing,Voice Assistant App Support for Mobile Phones (Blue)","4,490",https://amazon.in//Sony-Bluetooth-Headphones-Multipoint-Connectivity/dp/B0BS1RT9S2/ref=sr_1_16?crid=1RX9B2Y19OZKP&dib=eyJ2IjoiMSJ9.w0izU9bDtJcOoe3M4VlpPf07kB7YKvL7irNs-U-aFDTpfNZgJIyewqKcZEJOkQV_EjNgVRKKRhDNerxCsp9HtjYhVXQTbWAbF4XraccqZQ5Iz_snykKdptCsMGNLom-ZBN_z7q4jLOvfvATMBGScM-pfYNh6hi42SuZW4yN9lJZjp8gCoj3BkKKg-EbmcB_bX5wrbFv6gJVen5rL7gxgz29dC5nuUVqrTBYW7Bzd5OE.UrxcEUlZOnv5g6uePuVvu9WcGGGgK4wjT7xJQahJ85Q&dib_tag=se&keywords=headphones&qid=1719657067&sprefix=hea%2Caps%2C323&sr=8-16
42,"boAt Rockerz 450 Bluetooth On Ear Headphones with Mic, Upto 15 Hours Playback, 40MM Drivers, Padded Ear Cushions, Integrated Controls and Dual Modes(Hazel Beige)","1,999",https://amazon.in//Boat-Rockerz-450-Lightweight-Compatibility/dp/B086671ZSR/ref=sr_1_17?crid=1RX9B2Y19OZKP&dib=eyJ2IjoiMSJ9.w0izU9bDtJcOoe3M4VlpPf07kB7YKvL7irNs-U-aFDTpfNZgJIyewqKcZEJOkQV_EjNgVRKKRhDNerxCsp9HtjYhVXQTbWAbF4XraccqZQ5Iz_snykKdptCsMGNLom-ZBN_z7q4jLOvfvATMBGScM-pfYNh6hi42SuZW4yN9lJZjp8gCoj3BkKKg-EbmcB_bX5wrbFv6gJVen5rL7gxgz29dC5nuUVqrTBYW7Bzd5OE.UrxcEUlZOnv5g6uePuVvu9WcGGGgK4wjT7xJQahJ85Q&dib_tag=se&keywords=headphones&qid=1719657067&sprefix=hea%2Caps%2C323&sr=8-17
43,"Noise Two Wireless On-Ear Headphones with 50 Hours Playtime, Low Latency(up to 40ms), 4 Play Modes, Dual Pairing, BT v5.3 (Bold Black)","1,697",https://amazon.in//Launched-Noise-Headphones-Playtime-Latency/dp/B0B1PX62WJ/ref=sr_1_18?crid=1RX9B2Y19OZKP&dib=eyJ2IjoiMSJ9.w0izU9bDtJcOoe3M4VlpPf07kB7YKvL7irNs-U-aFDTpfNZgJIyewqKcZEJOkQV_EjNgVRKKRhDNerxCsp9HtjYhVXQTbWAbF4XraccqZQ5Iz_snykKdptCsMGNLom-ZBN_z7q4jLOvfvATMBGScM-pfYNh6hi42SuZW4yN9lJZjp8gCoj3BkKKg-EbmcB_bX5wrbFv6gJVen5rL7gxgz29dC5nuUVqrTBYW7Bzd5OE.UrxcEUlZOnv5g6uePuVvu9WcGGGgK4wjT7xJQahJ85Q&dib_tag=se&keywords=headphones&qid=1719657067&sprefix=hea%2Caps%2C323&sr=8-18
44,"JBL C100SI Wired In Ear Headphones with Mic, JBL Pure Bass Sound, One Button Multi-function Remote, Premium Metallic Finish, Angled Buds for Comfort fit (Black)",599,https://amazon.in//JBL-C100SI-Ear-Headphones-Black/dp/B01DEWVZ2C/ref=ice_ac_b_dpb?crid=1RX9B2Y19OZKP&dib=eyJ2IjoiMSJ9.w0izU9bDtJcOoe3M4VlpPf07kB7YKvL7irNs-U-aFDTpfNZgJIyewqKcZEJOkQV_EjNgVRKKRhDNerxCsp9HtjYhVXQTbWAbF4XraccqZQ5Iz_snykKdptCsMGNLom-ZBN_z7q4jLOvfvATMBGScM-pfYNh6hi42SuZW4yN9lJZjp8gCoj3BkKKg-EbmcB_bX5wrbFv6gJVen5rL7gxgz29dC5nuUVqrTBYW7Bzd5OE.UrxcEUlZOnv5g6uePuVvu9WcGGGgK4wjT7xJQahJ85Q&dib_tag=se&keywords=headphones&qid=1719657061&sprefix=hea%2Caps%2C323&sr=8-5
45,"Zebronics Zeb-Storm Wired On Ear Headphone with 3.5mm Jack, Built-in Microphone for Calling, 1.5 Meter Cable, Soft Ear Cushion, Adjustable Headband, Foldable Ear Cups and Lightweight Design (Black)",549,https://amazon.in//ZEBRONICS-Zeb-Storm-Microphone-Adjustable-Lightweight/dp/B0B4G44RFS/ref=sr_1_19?crid=1RX9B2Y19OZKP&dib=eyJ2IjoiMSJ9.w0izU9bDtJcOoe3M4VlpPf07kB7YKvL7irNs-U-aFDTpfNZgJIyewqKcZEJOkQV_EjNgVRKKRhDNerxCsp9HtjYhVXQTbWAbF4XraccqZQ5Iz_snykKdptCsMGNLom-ZBN_z7q4jLOvfvATMBGScM-pfYNh6hi42SuZW4yN9lJZjp8gCoj3BkKKg-EbmcB_bX5wrbFv6gJVen5rL7gxgz29dC5nuUVqrTBYW7Bzd5OE.UrxcEUlZOnv5g6uePuVvu9WcGGGgK4wjT7xJQahJ85Q&dib_tag=se&keywords=headphones&qid=1719657067&sprefix=hea%2Caps%2C323&sr=8-19
46,ZEBRONICS Duke 60hrs Playback Bluetooth Wireless Over Ear Headphone with Mic (Blue),"1,399",https://amazon.in//Zebronics-Bluetooth-Headphone-Assistant-Multifunction/dp/B088FLHXJX/ref=sr_1_20?crid=1RX9B2Y19OZKP&dib=eyJ2IjoiMSJ9.w0izU9bDtJcOoe3M4VlpPf07kB7YKvL7irNs-U-aFDTpfNZgJIyewqKcZEJOkQV_EjNgVRKKRhDNerxCsp9HtjYhVXQTbWAbF4XraccqZQ5Iz_snykKdptCsMGNLom-ZBN_z7q4jLOvfvATMBGScM-pfYNh6hi42SuZW4yN9lJZjp8gCoj3BkKKg-EbmcB_bX5wrbFv6gJVen5rL7gxgz29dC5nuUVqrTBYW7Bzd5OE.UrxcEUlZOnv5g6uePuVvu9WcGGGgK4wjT7xJQahJ85Q&dib_tag=se&keywords=headphones&qid=1719657067&sprefix=hea%2Caps%2C323&sr=8-20
47,"pTron InTunes Magic in-Ear Bluetooth 5.0 Wireless Headphones with Deep Bass, 18H Playtime, Clear Calls, Dual Device Pairing Wireless Neckband, Fast Type-C Charge, Voice Assistant & IPX4 (Jet Black)",499,https://amazon.in//sspa/click?ie=UTF8&spc=MToxODM0MDczNjYzNjk4MTgwOjE3MTk2NTcwNjc6c3BfYnRmOjMwMDIwNjUxNjY5NzQzMjo6MDo6&url=%2FpTron-InTunes-Magic-Bluetooth-Headphones%2Fdp%2FB0D2V86Q8M%2Fref%3Dsr_1_21_sspa%3Fcrid%3D1RX9B2Y19OZKP%26dib%3DeyJ2IjoiMSJ9.w0izU9bDtJcOoe3M4VlpPf07kB7YKvL7irNs-U-aFDTpfNZgJIyewqKcZEJOkQV_EjNgVRKKRhDNerxCsp9HtjYhVXQTbWAbF4XraccqZQ5Iz_snykKdptCsMGNLom-ZBN_z7q4jLOvfvATMBGScM-pfYNh6hi42SuZW4yN9lJZjp8gCoj3BkKKg-EbmcB_bX5wrbFv6gJVen5rL7gxgz29dC5nuUVqrTBYW7Bzd5OE.UrxcEUlZOnv5g6uePuVvu9WcGGGgK4wjT7xJQahJ85Q%26dib_tag%3Dse%26keywords%3Dheadphones%26qid%3D1719657067%26sprefix%3Dhea%252Caps%252C323%26sr%3D8-21-spons%26sp_csd%3Dd2lkZ2V0TmFtZT1zcF9idGY%26psc%3D1
48,ZEBRONICS Duke 60hrs Playtime Bluetooth Wireless Over Ear Headphone with Mic (Black),"1,399",https://amazon.in//sspa/click?ie=UTF8&spc=MToxODM0MDczNjYzNjk4MTgwOjE3MTk2NTcwNjc6c3BfYnRmOjIwMDMzODExMTEwNTAzOjowOjo&url=%2FZebronics-Bluetooth-Headphone-Multifunction-Black%2Fdp%2FB088FM4QG4%2Fref%3Dsr_1_22_sspa%3Fcrid%3D1RX9B2Y19OZKP%26dib%3DeyJ2IjoiMSJ9.w0izU9bDtJcOoe3M4VlpPf07kB7YKvL7irNs-U-aFDTpfNZgJIyewqKcZEJOkQV_EjNgVRKKRhDNerxCsp9HtjYhVXQTbWAbF4XraccqZQ5Iz_snykKdptCsMGNLom-ZBN_z7q4jLOvfvATMBGScM-pfYNh6hi42SuZW4yN9lJZjp8gCoj3BkKKg-EbmcB_bX5wrbFv6gJVen5rL7gxgz29dC5nuUVqrTBYW7Bzd5OE.UrxcEUlZOnv5g6uePuVvu9WcGGGgK4wjT7xJQahJ85Q%26dib_tag%3Dse%26keywords%3Dheadphones%26qid%3D1719657067%26sprefix%3Dhea%252Caps%252C323%26sr%3D8-22-spons%26sp_csd%3Dd2lkZ2V0TmFtZT1zcF9idGY%26psc%3D1
49,"pTron Newly Launched Tangent Eon in-Ear Bluetooth 5.3 Wireless Headphones, 45H Playtime, HD Mic & TruTalk AI-ENC Calls, Movie/Music Modes, Dual Device Pairing & Type-C Fast Charging & IPX5 (Black)",698,https://amazon.in//sspa/click?ie=UTF8&spc=MTo0MjcxNjI1NDU3NTg1MTgwOjE3MTk2NTcwNzM6c3BfYXRmX25leHQ6MzAwMTUwOTY1ODYyMTMyOjowOjo&url=%2FpTron-Tangent-Eon-Bluetooth-Headphones%2Fdp%2FB0CTKTZ24T%2Fref%3Dsr_1_17_sspa%3Fcrid%3D1RX9B2Y19OZKP%26dib%3DeyJ2IjoiMSJ9.V2zMhN22oogV8_xfj3BHaQ8PeDuhfWxTE0pMKhDSSIuGZiOw53Tnsi0_UjdYldUEDApDpolnKE9KgErOXkfQJOh6kI9wS1qAUShRboZmTyKygmvlBqmjaFZtEcCUH5312Bdkxvivn3S1fzvhfhMZqo1YikMdEcVraRffAkI-miOhn2AetXjjaRqFZb_DQiLHtne8zUBH-NE-gPpCKzovKL8qU_rGEvaD1_1jzTMc_R4.eDC-eQwWtBW9XprTaPcJq9MCJO5k5jOFGfCRaHPLrXI%26dib_tag%3Dse%26keywords%3Dheadphones%26qid%3D1719657073%26sprefix%3Dhea%252Caps%252C323%26sr%3D8-17-spons%26sp_csd%3Dd2lkZ2V0TmFtZT1zcF9hdGZfbmV4dA%26psc%3D1
50,"pTron Boom Play X1 in-Ear Type-C Wired Headphones with Mic, 13mm Driver for Immersive Audio, Ergo-fit Metal Buds Wired Earphones, in-line Controls & 1.2m Fish Scale Style Tangle-free Cable (Blue)",399,https://amazon.in//sspa/click?ie=UTF8&spc=MTo0MjcxNjI1NDU3NTg1MTgwOjE3MTk2NTcwNzM6c3BfYXRmX25leHQ6MzAwMjEyMTgxMTA5NDMyOjowOjo&url=%2FpTron-Boom-Play-X1-Tangle-free%2Fdp%2FB0D385185J%2Fref%3Dsr_1_18_sspa%3Fcrid%3D1RX9B2Y19OZKP%26dib%3DeyJ2IjoiMSJ9.V2zMhN22oogV8_xfj3BHaQ8PeDuhfWxTE0pMKhDSSIuGZiOw53Tnsi0_UjdYldUEDApDpolnKE9KgErOXkfQJOh6kI9wS1qAUShRboZmTyKygmvlBqmjaFZtEcCUH5312Bdkxvivn3S1fzvhfhMZqo1YikMdEcVraRffAkI-miOhn2AetXjjaRqFZb_DQiLHtne8zUBH-NE-gPpCKzovKL8qU_rGEvaD1_1jzTMc_R4.eDC-eQwWtBW9XprTaPcJq9MCJO5k5jOFGfCRaHPLrXI%26dib_tag%3Dse%26keywords%3Dheadphones%26qid%3D1719657073%26sprefix%3Dhea%252Caps%252C323%26sr%3D8-18-spons%26sp_csd%3Dd2lkZ2V0TmFtZT1zcF9hdGZfbmV4dA%26psc%3D1
51,"JBL Tune 510BT, On Ear Wireless Headphones with Mic, up to 40 Hours Playtime, Pure Bass, Quick Charging, Dual Pairing, Bluetooth 5.0 & Voice Assistant Support for Mobile Phones (Black)","2,799",https://amazon.in//gp/bestsellers/electronics/14146390031/ref=sr_bs_2_14146390031_1
52,"ZEBRONICS THUNDER Bluetooth 5.3 Wireless Headphones with 60H Backup, Gaming Mode, Dual Pairing, ENC, AUX, Micro SD, Voice assistant, Comfortable Earcups, Call Function(Black)",799,https://amazon.in//ZEBRONICS-Bluetooth-Headphones-assistant-Comfortable/dp/B07L8KNP5F/ref=sr_1_20?crid=1RX9B2Y19OZKP&dib=eyJ2IjoiMSJ9.V2zMhN22oogV8_xfj3BHaQ8PeDuhfWxTE0pMKhDSSIuGZiOw53Tnsi0_UjdYldUEDApDpolnKE9KgErOXkfQJOh6kI9wS1qAUShRboZmTyKygmvlBqmjaFZtEcCUH5312Bdkxvivn3S1fzvhfhMZqo1YikMdEcVraRffAkI-miOhn2AetXjjaRqFZb_DQiLHtne8zUBH-NE-gPpCKzovKL8qU_rGEvaD1_1jzTMc_R4.eDC-eQwWtBW9XprTaPcJq9MCJO5k5jOFGfCRaHPLrXI&dib_tag=se&keywords=headphones&qid=1719657073&sprefix=hea%2Caps%2C323&sr=8-20
53,"boAt Rockerz 245 V2 Pro Wireless in Ear Neckband with Up to 30 Hrs Playtime, Enxáµ€á´¹ Tech, Asapáµ€á´¹ Charge, Beastáµ€á´¹ Mode, Dual Pairing, Magnetic Buds,USB Type-C Interface&Ipx5(Cool Blue)","1,099",https://amazon.in//boAt-Rockerz-245-V2-Pro/dp/B0CC8WQY19/ref=sr_1_21?crid=1RX9B2Y19OZKP&dib=eyJ2IjoiMSJ9.V2zMhN22oogV8_xfj3BHaQ8PeDuhfWxTE0pMKhDSSIuGZiOw53Tnsi0_UjdYldUEDApDpolnKE9KgErOXkfQJOh6kI9wS1qAUShRboZmTyKygmvlBqmjaFZtEcCUH5312Bdkxvivn3S1fzvhfhMZqo1YikMdEcVraRffAkI-miOhn2AetXjjaRqFZb_DQiLHtne8zUBH-NE-gPpCKzovKL8qU_rGEvaD1_1jzTMc_R4.eDC-eQwWtBW9XprTaPcJq9MCJO5k5jOFGfCRaHPLrXI&dib_tag=se&keywords=headphones&qid=1719657073&sprefix=hea%2Caps%2C323&sr=8-21
54,"ZEBRONICS Thunder Bluetooth 5.3 Over ear Wireless Headphones with 60H Backup, Gaming Mode, Dual Pairing, ENC, AUX, Micro SD, Voice Assistant, Comfortable Earcups, Call Function(Teal Green)",799,https://amazon.in//ZEBRONICS-Zeb-Thunder-Bluetooth-Teal-Green/dp/B09B5BS6G4/ref=sr_1_22?crid=1RX9B2Y19OZKP&dib=eyJ2IjoiMSJ9.V2zMhN22oogV8_xfj3BHaQ8PeDuhfWxTE0pMKhDSSIuGZiOw53Tnsi0_UjdYldUEDApDpolnKE9KgErOXkfQJOh6kI9wS1qAUShRboZmTyKygmvlBqmjaFZtEcCUH5312Bdkxvivn3S1fzvhfhMZqo1YikMdEcVraRffAkI-miOhn2AetXjjaRqFZb_DQiLHtne8zUBH-NE-gPpCKzovKL8qU_rGEvaD1_1jzTMc_R4.eDC-eQwWtBW9XprTaPcJq9MCJO5k5jOFGfCRaHPLrXI&dib_tag=se&keywords=headphones&qid=1719657073&sprefix=hea%2Caps%2C323&sr=8-22
55,"ZEBRONICS Thunder Bluetooth 5.3 Wireless Over ear Headphones with 60H Backup, Gaming Mode, Dual Pairing, ENC, AUX, Micro SD, Voice Assistant, Comfortable Earcups, Call Function(Sea Green)",799,https://amazon.in//ZEBRONICS-Zeb-Thunder-Connectivity-Sea-Green/dp/B09B5CPV71/ref=sr_1_6?crid=1RX9B2Y19OZKP&dib=eyJ2IjoiMSJ9.w0izU9bDtJcOoe3M4VlpPf07kB7YKvL7irNs-U-aFDTpfNZgJIyewqKcZEJOkQV_EjNgVRKKRhDNerxCsp9HtjYhVXQTbWAbF4XraccqZQ5Iz_snykKdptCsMGNLom-ZBN_z7q4jLOvfvATMBGScM-pfYNh6hi42SuZW4yN9lJZjp8gCoj3BkKKg-EbmcB_bX5wrbFv6gJVen5rL7gxgz29dC5nuUVqrTBYW7Bzd5OE.UrxcEUlZOnv5g6uePuVvu9WcGGGgK4wjT7xJQahJ85Q&dib_tag=se&keywords=headphones&qid=1719657061&sprefix=hea%2Caps%2C323&sr=8-6
56,"ZEBRONICS Zeb-Bang Pro Bluetooth Wireless On Ear Headphones with Mic V5.0, 30H Backup, Foldable, Call Function, Voice Assistant, Built-in Rechargeable Battery, Type C, 40Mm Driver and Aux (Black)",749,https://amazon.in//ZEBRONICS-Zeb-Bang-Bluetooth-Headphone-Rechargeable/dp/B09NNSM134/ref=sr_1_23?crid=1RX9B2Y19OZKP&dib=eyJ2IjoiMSJ9.V2zMhN22oogV8_xfj3BHaQ8PeDuhfWxTE0pMKhDSSIuGZiOw53Tnsi0_UjdYldUEDApDpolnKE9KgErOXkfQJOh6kI9wS1qAUShRboZmTyKygmvlBqmjaFZtEcCUH5312Bdkxvivn3S1fzvhfhMZqo1YikMdEcVraRffAkI-miOhn2AetXjjaRqFZb_DQiLHtne8zUBH-NE-gPpCKzovKL8qU_rGEvaD1_1jzTMc_R4.eDC-eQwWtBW9XprTaPcJq9MCJO5k5jOFGfCRaHPLrXI&dib_tag=se&keywords=headphones&qid=1719657073&sprefix=hea%2Caps%2C323&sr=8-23
57,Sony MDR-ZX110A Wired On Ear Headphone without Mic (White),799,https://amazon.in//Sony-MDR-ZX110A-Stereo-Headphones-without/dp/B00KGZZ824/ref=sr_1_24?crid=1RX9B2Y19OZKP&dib=eyJ2IjoiMSJ9.V2zMhN22oogV8_xfj3BHaQ8PeDuhfWxTE0pMKhDSSIuGZiOw53Tnsi0_UjdYldUEDApDpolnKE9KgErOXkfQJOh6kI9wS1qAUShRboZmTyKygmvlBqmjaFZtEcCUH5312Bdkxvivn3S1fzvhfhMZqo1YikMdEcVraRffAkI-miOhn2AetXjjaRqFZb_DQiLHtne8zUBH-NE-gPpCKzovKL8qU_rGEvaD1_1jzTMc_R4.eDC-eQwWtBW9XprTaPcJq9MCJO5k5jOFGfCRaHPLrXI&dib_tag=se&keywords=headphones&qid=1719657073&sprefix=hea%2Caps%2C323&sr=8-24
58,"boAt Rockerz 551ANC Hybrid Active Noise Cancellation Over EarHeadphones with Up to 100H Playtime, ASAP Charge, Ambient Sound Mode &Dual EQ Modes, ENx Technology(Sage Green)","3,499",https://amazon.in//boAt-Rockerz-551ANC-Cancellation-Headphones/dp/B0BZHT8T7T/ref=sr_1_25?crid=1RX9B2Y19OZKP&dib=eyJ2IjoiMSJ9.V2zMhN22oogV8_xfj3BHaQ8PeDuhfWxTE0pMKhDSSIuGZiOw53Tnsi0_UjdYldUEDApDpolnKE9KgErOXkfQJOh6kI9wS1qAUShRboZmTyKygmvlBqmjaFZtEcCUH5312Bdkxvivn3S1fzvhfhMZqo1YikMdEcVraRffAkI-miOhn2AetXjjaRqFZb_DQiLHtne8zUBH-NE-gPpCKzovKL8qU_rGEvaD1_1jzTMc_R4.eDC-eQwWtBW9XprTaPcJq9MCJO5k5jOFGfCRaHPLrXI&dib_tag=se&keywords=headphones&qid=1719657073&sprefix=hea%2Caps%2C323&sr=8-25
59,"Sony WH-CH520, Wireless On-Ear Bluetooth Headphones with Mic, upto 50 Hours Playtime, DSEE Upscale, Multipoint Connectivity/Dual Pairing,Voice Assistant App Support for Mobile Phones (Black)","4,490",https://amazon.in//Sony-Bluetooth-Headphones-Multipoint-Connectivity/dp/B0BS1PRC4L/ref=sr_1_26?crid=1RX9B2Y19OZKP&dib=eyJ2IjoiMSJ9.V2zMhN22oogV8_xfj3BHaQ8PeDuhfWxTE0pMKhDSSIuGZiOw53Tnsi0_UjdYldUEDApDpolnKE9KgErOXkfQJOh6kI9wS1qAUShRboZmTyKygmvlBqmjaFZtEcCUH5312Bdkxvivn3S1fzvhfhMZqo1YikMdEcVraRffAkI-miOhn2AetXjjaRqFZb_DQiLHtne8zUBH-NE-gPpCKzovKL8qU_rGEvaD1_1jzTMc_R4.eDC-eQwWtBW9XprTaPcJq9MCJO5k5jOFGfCRaHPLrXI&dib_tag=se&keywords=headphones&qid=1719657073&sprefix=hea%2Caps%2C323&sr=8-26
60,"boAt Rockerz 450 Bluetooth On Ear Headphones with Mic, Upto 15 Hours Playback, 40MM Drivers, Padded Ear Cushions, Integrated Controls and Dual Modes(Luscious Black)","1,999",https://amazon.in//gp/bestsellers/electronics/14146391031/ref=sr_bs_10_14146391031_1
61,"pTron Tangentbeat in-Ear Bluetooth Wireless Headphones with Mic, Punchy Bass, 10mm Drivers, Clear Calls, Dual Pairing, Fast Charging, Magnetic Buds, Voice Assist. & IPX4 Wireless Neckband (Dark Green)",599,https://amazon.in//sspa/click?ie=UTF8&spc=MTo0MjcxNjI1NDU3NTg1MTgwOjE3MTk2NTcwNzM6c3BfbXRmOjIwMDY5MDczOTc2MjA2OjowOjo&url=%2FTangentbeat-Bluetooth-Headphones-Waterproof-Cancelation%2Fdp%2FB08LBBPLPT%2Fref%3Dsr_1_28_sspa%3Fcrid%3D1RX9B2Y19OZKP%26dib%3DeyJ2IjoiMSJ9.V2zMhN22oogV8_xfj3BHaQ8PeDuhfWxTE0pMKhDSSIuGZiOw53Tnsi0_UjdYldUEDApDpolnKE9KgErOXkfQJOh6kI9wS1qAUShRboZmTyKygmvlBqmjaFZtEcCUH5312Bdkxvivn3S1fzvhfhMZqo1YikMdEcVraRffAkI-miOhn2AetXjjaRqFZb_DQiLHtne8zUBH-NE-gPpCKzovKL8qU_rGEvaD1_1jzTMc_R4.eDC-eQwWtBW9XprTaPcJq9MCJO5k5jOFGfCRaHPLrXI%26dib_tag%3Dse%26keywords%3Dheadphones%26qid%3D1719657073%26sprefix%3Dhea%252Caps%252C323%26sr%3D8-28-spons%26sp_csd%3Dd2lkZ2V0TmFtZT1zcF9tdGY%26psc%3D1
62,"boAt Rockerz 551ANC Hybrid Active Noise Cancellation Headphones with Up to 100H Playtime, ASAPâ„¢ Charge, Ambient Sound Mode &Dual EQ Modes, ENxâ„¢ Technology(Stellar Black)","3,499",https://amazon.in//boAt-Rockerz-551ANC-Cancellation-Headphones/dp/B0BZHRB9J1/ref=sr_1_29?crid=1RX9B2Y19OZKP&dib=eyJ2IjoiMSJ9.V2zMhN22oogV8_xfj3BHaQ8PeDuhfWxTE0pMKhDSSIuGZiOw53Tnsi0_UjdYldUEDApDpolnKE9KgErOXkfQJOh6kI9wS1qAUShRboZmTyKygmvlBqmjaFZtEcCUH5312Bdkxvivn3S1fzvhfhMZqo1YikMdEcVraRffAkI-miOhn2AetXjjaRqFZb_DQiLHtne8zUBH-NE-gPpCKzovKL8qU_rGEvaD1_1jzTMc_R4.eDC-eQwWtBW9XprTaPcJq9MCJO5k5jOFGfCRaHPLrXI&dib_tag=se&keywords=headphones&qid=1719657073&sprefix=hea%2Caps%2C323&sr=8-29
63,Blaupunkt Newly Launched BH41 Bluetooth Wireless Over Ear Headphones I Long Playtime I 40MM Drivers I Foldable I Flexible & Light Weight I Built in Mic I TurboVolt Fast Charging,"1,449",https://amazon.in//Blaupunkt-BH41-Bluetooth-Headphones-TurboVolt/dp/B0CV9WZXNG/ref=sr_1_30?crid=1RX9B2Y19OZKP&dib=eyJ2IjoiMSJ9.V2zMhN22oogV8_xfj3BHaQ8PeDuhfWxTE0pMKhDSSIuGZiOw53Tnsi0_UjdYldUEDApDpolnKE9KgErOXkfQJOh6kI9wS1qAUShRboZmTyKygmvlBqmjaFZtEcCUH5312Bdkxvivn3S1fzvhfhMZqo1YikMdEcVraRffAkI-miOhn2AetXjjaRqFZb_DQiLHtne8zUBH-NE-gPpCKzovKL8qU_rGEvaD1_1jzTMc_R4.eDC-eQwWtBW9XprTaPcJq9MCJO5k5jOFGfCRaHPLrXI&dib_tag=se&keywords=headphones&qid=1719657073&sprefix=hea%2Caps%2C323&sr=8-30
64,"boAt Rockerz 111 Bluetooth Wireless Neckband with Up to 40 Hrs Playtime, Dual Device Pairing, Enx Tech, Beast Mode, ASAP Charging, Btv5.3, Ipx5,Type-C Interface & Magnetic in Ear Buds(Active Black)",999,https://amazon.in//boAt-Rockerz-111-Headphones-Active/dp/B0CDLSN1F1/ref=sr_1_31?crid=1RX9B2Y19OZKP&dib=eyJ2IjoiMSJ9.V2zMhN22oogV8_xfj3BHaQ8PeDuhfWxTE0pMKhDSSIuGZiOw53Tnsi0_UjdYldUEDApDpolnKE9KgErOXkfQJOh6kI9wS1qAUShRboZmTyKygmvlBqmjaFZtEcCUH5312Bdkxvivn3S1fzvhfhMZqo1YikMdEcVraRffAkI-miOhn2AetXjjaRqFZb_DQiLHtne8zUBH-NE-gPpCKzovKL8qU_rGEvaD1_1jzTMc_R4.eDC-eQwWtBW9XprTaPcJq9MCJO5k5jOFGfCRaHPLrXI&dib_tag=se&keywords=headphones&qid=1719657073&sprefix=hea%2Caps%2C323&sr=8-31
65,"ZEBRONICS Zeb-Thunder PRO On-Ear Wireless Headphone Up to 60 Hours Playback, Wired Mode, USB-C Type Charging(Black)",999,https://amazon.in//Zebronics-Zeb-Thunder-PRO-Headphone-Supporting/dp/B097JPDQR8/ref=sr_1_32?crid=1RX9B2Y19OZKP&dib=eyJ2IjoiMSJ9.V2zMhN22oogV8_xfj3BHaQ8PeDuhfWxTE0pMKhDSSIuGZiOw53Tnsi0_UjdYldUEDApDpolnKE9KgErOXkfQJOh6kI9wS1qAUShRboZmTyKygmvlBqmjaFZtEcCUH5312Bdkxvivn3S1fzvhfhMZqo1YikMdEcVraRffAkI-miOhn2AetXjjaRqFZb_DQiLHtne8zUBH-NE-gPpCKzovKL8qU_rGEvaD1_1jzTMc_R4.eDC-eQwWtBW9XprTaPcJq9MCJO5k5jOFGfCRaHPLrXI&dib_tag=se&keywords=headphones&qid=1719657073&sprefix=hea%2Caps%2C323&sr=8-32
66,Logitech H111 Wired On Ear Headphones With Mic Black,745,https://amazon.in//Logitech-H111-Stero-Headset-Black/dp/B00Y4ORQ46/ref=sr_1_7?crid=1RX9B2Y19OZKP&dib=eyJ2IjoiMSJ9.w0izU9bDtJcOoe3M4VlpPf07kB7YKvL7irNs-U-aFDTpfNZgJIyewqKcZEJOkQV_EjNgVRKKRhDNerxCsp9HtjYhVXQTbWAbF4XraccqZQ5Iz_snykKdptCsMGNLom-ZBN_z7q4jLOvfvATMBGScM-pfYNh6hi42SuZW4yN9lJZjp8gCoj3BkKKg-EbmcB_bX5wrbFv6gJVen5rL7gxgz29dC5nuUVqrTBYW7Bzd5OE.UrxcEUlZOnv5g6uePuVvu9WcGGGgK4wjT7xJQahJ85Q&dib_tag=se&keywords=headphones&qid=1719657061&sprefix=hea%2Caps%2C323&sr=8-7
67,"ZEBRONICS Zeb-Bang PRO Bluetooth v5.0 On Ear Headphone, 30H Backup, Foldable Design, Call Function, Voice Assistant Feature, Built-in Rechargeable Battery, Type C Charging, 40mm Driver and AUX. (Red)",599,https://amazon.in//ZEBRONICS-Bluetooth-Headphone-Assistant-Rechargeable/dp/B09NNTGWL6/ref=sr_1_33?crid=1RX9B2Y19OZKP&dib=eyJ2IjoiMSJ9.V2zMhN22oogV8_xfj3BHaQ8PeDuhfWxTE0pMKhDSSIuGZiOw53Tnsi0_UjdYldUEDApDpolnKE9KgErOXkfQJOh6kI9wS1qAUShRboZmTyKygmvlBqmjaFZtEcCUH5312Bdkxvivn3S1fzvhfhMZqo1YikMdEcVraRffAkI-miOhn2AetXjjaRqFZb_DQiLHtne8zUBH-NE-gPpCKzovKL8qU_rGEvaD1_1jzTMc_R4.eDC-eQwWtBW9XprTaPcJq9MCJO5k5jOFGfCRaHPLrXI&dib_tag=se&keywords=headphones&qid=1719657073&sprefix=hea%2Caps%2C323&sr=8-33
68,"ZEBRONICS THUNDER PRO Wireless Headphone with Dual Pairing, Gaming Mode, ENC, Bluetooth, Call Function, Aux, Micro SD, Voice Assistant, Deep Bass, Up to 60h backup (Blue)",999,https://amazon.in//ZEBRONICS-PRO-Headphone-Bluetooth-Assistant/dp/B0CV3P1C2Z/ref=sr_1_34?crid=1RX9B2Y19OZKP&dib=eyJ2IjoiMSJ9.V2zMhN22oogV8_xfj3BHaQ8PeDuhfWxTE0pMKhDSSIuGZiOw53Tnsi0_UjdYldUEDApDpolnKE9KgErOXkfQJOh6kI9wS1qAUShRboZmTyKygmvlBqmjaFZtEcCUH5312Bdkxvivn3S1fzvhfhMZqo1YikMdEcVraRffAkI-miOhn2AetXjjaRqFZb_DQiLHtne8zUBH-NE-gPpCKzovKL8qU_rGEvaD1_1jzTMc_R4.eDC-eQwWtBW9XprTaPcJq9MCJO5k5jOFGfCRaHPLrXI&dib_tag=se&keywords=headphones&qid=1719657073&sprefix=hea%2Caps%2C323&sr=8-34
69,"Zebronics Boom Wired Headphone, Over Ear, in-Line MIC, Foldable, 1.5 Meter Cable, for 3.5mm (Mobile | Tablet | Laptop | MAC), Soft Cushion, 40mm Drivers (Black)",699,https://amazon.in//Zebronics-Headphone-Foldable-Cushion-Black/dp/B0CTKPBMJG/ref=sr_1_35?crid=1RX9B2Y19OZKP&dib=eyJ2IjoiMSJ9.V2zMhN22oogV8_xfj3BHaQ8PeDuhfWxTE0pMKhDSSIuGZiOw53Tnsi0_UjdYldUEDApDpolnKE9KgErOXkfQJOh6kI9wS1qAUShRboZmTyKygmvlBqmjaFZtEcCUH5312Bdkxvivn3S1fzvhfhMZqo1YikMdEcVraRffAkI-miOhn2AetXjjaRqFZb_DQiLHtne8zUBH-NE-gPpCKzovKL8qU_rGEvaD1_1jzTMc_R4.eDC-eQwWtBW9XprTaPcJq9MCJO5k5jOFGfCRaHPLrXI&dib_tag=se&keywords=headphones&qid=1719657073&sprefix=hea%2Caps%2C323&sr=8-35
70,"JBL Tune 770NC Wireless Over Ear ANC Headphones with Mic, Upto 70 Hrs Playtime, Speedcharge, Google Fast Pair, Dual Pairing, BT 5.3 LE Audio, Customize on Headphones App (Black)","5,999",https://amazon.in//JBL-Wireless-Headphones-Speedcharge-Customize/dp/B09CYX92NB/ref=sr_1_36?crid=1RX9B2Y19OZKP&dib=eyJ2IjoiMSJ9.V2zMhN22oogV8_xfj3BHaQ8PeDuhfWxTE0pMKhDSSIuGZiOw53Tnsi0_UjdYldUEDApDpolnKE9KgErOXkfQJOh6kI9wS1qAUShRboZmTyKygmvlBqmjaFZtEcCUH5312Bdkxvivn3S1fzvhfhMZqo1YikMdEcVraRffAkI-miOhn2AetXjjaRqFZb_DQiLHtne8zUBH-NE-gPpCKzovKL8qU_rGEvaD1_1jzTMc_R4.eDC-eQwWtBW9XprTaPcJq9MCJO5k5jOFGfCRaHPLrXI&dib_tag=se&keywords=headphones&qid=1719657073&sprefix=hea%2Caps%2C323&sr=8-36
71,"boAt Airdopes Atom 81 Pro TWS in Ear Earbuds w/ 100hrs of Playtime, 4 Mics with ENxâ„¢, BEASTâ„¢ Mode with 50ms Low Latency, 13mm Drivers, IWPâ„¢ Tech, ASAPâ„¢ Charge(Obsidian Noir)","1,199",https://amazon.in//sspa/click?ie=UTF8&spc=MTo0MjcxNjI1NDU3NTg1MTgwOjE3MTk2NTcwNzM6c3BfYnRmOjMwMDIxMTA1NDMzNjMzMjo6MDo6&url=%2FboAt-Airdopes-Atom-81-Pro%2Fdp%2FB0D5CYDG22%2Fref%3Dsr_1_37_sspa%3Fcrid%3D1RX9B2Y19OZKP%26dib%3DeyJ2IjoiMSJ9.V2zMhN22oogV8_xfj3BHaQ8PeDuhfWxTE0pMKhDSSIuGZiOw53Tnsi0_UjdYldUEDApDpolnKE9KgErOXkfQJOh6kI9wS1qAUShRboZmTyKygmvlBqmjaFZtEcCUH5312Bdkxvivn3S1fzvhfhMZqo1YikMdEcVraRffAkI-miOhn2AetXjjaRqFZb_DQiLHtne8zUBH-NE-gPpCKzovKL8qU_rGEvaD1_1jzTMc_R4.eDC-eQwWtBW9XprTaPcJq9MCJO5k5jOFGfCRaHPLrXI%26dib_tag%3Dse%26keywords%3Dheadphones%26qid%3D1719657073%26sprefix%3Dhea%252Caps%252C323%26sr%3D8-37-spons%26sp_csd%3Dd2lkZ2V0TmFtZT1zcF9idGY%26psc%3D1
72,"boAt Rockerz 111 Bluetooth Wireless Neckband with Up to 40 Hrs Playtime, Dual Device Pairing, Enx Tech, Beast Mode, ASAP Charging, Btv5.3, Ipx5,Type-C Interface & Magnetic in Ear Buds(Active Black)",999,https://amazon.in//sspa/click?ie=UTF8&spc=MTo0MjcxNjI1NDU3NTg1MTgwOjE3MTk2NTcwNzM6c3BfYnRmOjMwMDIxNzEzNDU2NjczMjo6MDo6&url=%2FboAt-Rockerz-111-Headphones-Active%2Fdp%2FB0CDLSN1F1%2Fref%3Dsr_1_38_sspa%3Fcrid%3D1RX9B2Y19OZKP%26dib%3DeyJ2IjoiMSJ9.V2zMhN22oogV8_xfj3BHaQ8PeDuhfWxTE0pMKhDSSIuGZiOw53Tnsi0_UjdYldUEDApDpolnKE9KgErOXkfQJOh6kI9wS1qAUShRboZmTyKygmvlBqmjaFZtEcCUH5312Bdkxvivn3S1fzvhfhMZqo1YikMdEcVraRffAkI-miOhn2AetXjjaRqFZb_DQiLHtne8zUBH-NE-gPpCKzovKL8qU_rGEvaD1_1jzTMc_R4.eDC-eQwWtBW9XprTaPcJq9MCJO5k5jOFGfCRaHPLrXI%26dib_tag%3Dse%26keywords%3Dheadphones%26qid%3D1719657073%26sprefix%3Dhea%252Caps%252C323%26sr%3D8-38-spons%26sp_csd%3Dd2lkZ2V0TmFtZT1zcF9idGY%26psc%3D1
73,"pTron Tangentbeat in-Ear Bluetooth 5.0 Wireless Headphones with Mic, Deep Bass, 10mm Drivers, Clear Calls, Dual Pairing, Fast Charging, Magnetic Buds, Voice Assistant & IPX4 Wireless Neckband (Black",599,https://amazon.in//sspa/click?ie=UTF8&spc=MToyODkyNjk5Nzk2Mjk0MTgwOjE3MTk2NTcwNzk6c3BfYXRmX25leHQ6MjAwNDE4MDM2OTYyMDY6OjA6Og&url=%2FTangentbeat-Bluetooth-Headphones-Waterproof-Cancelation%2Fdp%2FB08D77XZX5%2Fref%3Dsr_1_33_sspa%3Fcrid%3D1RX9B2Y19OZKP%26dib%3DeyJ2IjoiMSJ9.hE5Tfx7qjJcQkaeXumVlNk2edT7ouTu0Z3qTFkr2hv6bqe2Lbm0AUI1D1yFpdn4ItdsGaaD54gq4yZwOoBW4zRp5OnaYimuTssAIk2pL1SAJnFGn0F3w1qU2OQ076PccTzYnqGYYhp8lVmNhACt1uKxAamcm5eraLchQ-wUqJ0h8dNo4wnUh6yfQDHUw2icprmqRMm3jT_LcEexwIDHmeYlueodZOE7ago9KGURD99Q.LGHXL4rXU0cg_2dGK69r7MB2N0oLYoK0fijIQHhrzIQ%26dib_tag%3Dse%26keywords%3Dheadphones%26qid%3D1719657079%26sprefix%3Dhea%252Caps%252C323%26sr%3D8-33-spons%26sp_csd%3Dd2lkZ2V0TmFtZT1zcF9hdGZfbmV4dA%26psc%3D1
74,"Boult Audio K40 True Wireless in Ear Earbuds with 48H Playtime, Clear Calling 4 Mics, 45ms Low Latency Gaming, Premium Grip, 13mm Bass Drivers, Type-C Fast Charging, BTv 5.3 Ear Buds TWS (Ivory White)","1,299",https://amazon.in//sspa/click?ie=UTF8&spc=MToyODkyNjk5Nzk2Mjk0MTgwOjE3MTk2NTcwNzk6c3BfYXRmX25leHQ6MzAwMTM1OTk4NTQ2OTMyOjowOjo&url=%2FBoult-Wireless-Earbuds-Playtime-Charging%2Fdp%2FB0CTCX6CHW%2Fref%3Dsr_1_34_sspa%3Fcrid%3D1RX9B2Y19OZKP%26dib%3DeyJ2IjoiMSJ9.hE5Tfx7qjJcQkaeXumVlNk2edT7ouTu0Z3qTFkr2hv6bqe2Lbm0AUI1D1yFpdn4ItdsGaaD54gq4yZwOoBW4zRp5OnaYimuTssAIk2pL1SAJnFGn0F3w1qU2OQ076PccTzYnqGYYhp8lVmNhACt1uKxAamcm5eraLchQ-wUqJ0h8dNo4wnUh6yfQDHUw2icprmqRMm3jT_LcEexwIDHmeYlueodZOE7ago9KGURD99Q.LGHXL4rXU0cg_2dGK69r7MB2N0oLYoK0fijIQHhrzIQ%26dib_tag%3Dse%26keywords%3Dheadphones%26qid%3D1719657079%26sprefix%3Dhea%252Caps%252C323%26sr%3D8-34-spons%26sp_csd%3Dd2lkZ2V0TmFtZT1zcF9hdGZfbmV4dA%26psc%3D1
75,"Noise Two Wireless On-Ear Headphones with 50 Hours Playtime, Low Latency(up to 40ms), 4 Play Modes, Dual Pairing, BT v5.3 (Calm White)","1,697",https://amazon.in//Launched-Noise-Headphones-Playtime-Latency/dp/B0B1PW53LT/ref=sr_1_35?crid=1RX9B2Y19OZKP&dib=eyJ2IjoiMSJ9.hE5Tfx7qjJcQkaeXumVlNk2edT7ouTu0Z3qTFkr2hv6bqe2Lbm0AUI1D1yFpdn4ItdsGaaD54gq4yZwOoBW4zRp5OnaYimuTssAIk2pL1SAJnFGn0F3w1qU2OQ076PccTzYnqGYYhp8lVmNhACt1uKxAamcm5eraLchQ-wUqJ0h8dNo4wnUh6yfQDHUw2icprmqRMm3jT_LcEexwIDHmeYlueodZOE7ago9KGURD99Q.LGHXL4rXU0cg_2dGK69r7MB2N0oLYoK0fijIQHhrzIQ&dib_tag=se&keywords=headphones&qid=1719657079&sprefix=hea%2Caps%2C323&sr=8-35
76,ZEBRONICS Duke 60hrs Playtime Bluetooth Wireless Over Ear Headphone with Mic (Black),"1,399",https://amazon.in//Zebronics-Bluetooth-Headphone-Multifunction-Black/dp/B088FM4QG4/ref=sr_1_36?crid=1RX9B2Y19OZKP&dib=eyJ2IjoiMSJ9.hE5Tfx7qjJcQkaeXumVlNk2edT7ouTu0Z3qTFkr2hv6bqe2Lbm0AUI1D1yFpdn4ItdsGaaD54gq4yZwOoBW4zRp5OnaYimuTssAIk2pL1SAJnFGn0F3w1qU2OQ076PccTzYnqGYYhp8lVmNhACt1uKxAamcm5eraLchQ-wUqJ0h8dNo4wnUh6yfQDHUw2icprmqRMm3jT_LcEexwIDHmeYlueodZOE7ago9KGURD99Q.LGHXL4rXU0cg_2dGK69r7MB2N0oLYoK0fijIQHhrzIQ&dib_tag=se&keywords=headphones&qid=1719657079&sprefix=hea%2Caps%2C323&sr=8-36
77,"ZEBRONICS Zeb-Dynamic with Bluetooth Supporting Headphone, Aux Input, Call Function and Media/Volume Control | Voice Assistant Support (Red)",699,https://amazon.in//Zebronics-Zeb-Dynamic-Bluetooth-Supporting-Red/dp/B09ZJ45J7L/ref=sr_1_8?crid=1RX9B2Y19OZKP&dib=eyJ2IjoiMSJ9.w0izU9bDtJcOoe3M4VlpPf07kB7YKvL7irNs-U-aFDTpfNZgJIyewqKcZEJOkQV_EjNgVRKKRhDNerxCsp9HtjYhVXQTbWAbF4XraccqZQ5Iz_snykKdptCsMGNLom-ZBN_z7q4jLOvfvATMBGScM-pfYNh6hi42SuZW4yN9lJZjp8gCoj3BkKKg-EbmcB_bX5wrbFv6gJVen5rL7gxgz29dC5nuUVqrTBYW7Bzd5OE.UrxcEUlZOnv5g6uePuVvu9WcGGGgK4wjT7xJQahJ85Q&dib_tag=se&keywords=headphones&qid=1719657061&sprefix=hea%2Caps%2C323&sr=8-8
78,Sony ZX Series MDR-ZX310AP Headband Stereo Headset -Black,"1,288",https://amazon.in//Sony-MDR-ZX310AP-Headband-Stereo-Headset/dp/B0784BMDRW/ref=sr_1_37?crid=1RX9B2Y19OZKP&dib=eyJ2IjoiMSJ9.hE5Tfx7qjJcQkaeXumVlNk2edT7ouTu0Z3qTFkr2hv6bqe2Lbm0AUI1D1yFpdn4ItdsGaaD54gq4yZwOoBW4zRp5OnaYimuTssAIk2pL1SAJnFGn0F3w1qU2OQ076PccTzYnqGYYhp8lVmNhACt1uKxAamcm5eraLchQ-wUqJ0h8dNo4wnUh6yfQDHUw2icprmqRMm3jT_LcEexwIDHmeYlueodZOE7ago9KGURD99Q.LGHXL4rXU0cg_2dGK69r7MB2N0oLYoK0fijIQHhrzIQ&dib_tag=se&keywords=headphones&qid=1719657079&sprefix=hea%2Caps%2C323&sr=8-37
79,"pTron Pride Indie in-Ear Wired Earphones with Mic, Stereo Sound, 10mm Drivers, Snug-fit Design, Passive Noise Cancellation, in-line Controls, Universal 3.5mm Aux & 1.2m Tange-Free Cable (Black)",75,https://amazon.in//gp/bestsellers/electronics/14146389031/ref=sr_bs_5_14146389031_1
80,"ZEBRONICS Zeb-Dynamic with Bluetooth Supporting Headphone, Aux Input, Call Function and Media/Volume Control",699,https://amazon.in//Zebronics-Zeb-Dynamic-Bluetooth-Supporting-Headphone/dp/B0829QJRTV/ref=sr_1_39?crid=1RX9B2Y19OZKP&dib=eyJ2IjoiMSJ9.hE5Tfx7qjJcQkaeXumVlNk2edT7ouTu0Z3qTFkr2hv6bqe2Lbm0AUI1D1yFpdn4ItdsGaaD54gq4yZwOoBW4zRp5OnaYimuTssAIk2pL1SAJnFGn0F3w1qU2OQ076PccTzYnqGYYhp8lVmNhACt1uKxAamcm5eraLchQ-wUqJ0h8dNo4wnUh6yfQDHUw2icprmqRMm3jT_LcEexwIDHmeYlueodZOE7ago9KGURD99Q.LGHXL4rXU0cg_2dGK69r7MB2N0oLYoK0fijIQHhrzIQ&dib_tag=se&keywords=headphones&qid=1719657079&sprefix=hea%2Caps%2C323&sr=8-39
81,Sony Mdr-Zx310Ap Wired On Ear Headphones with Mic (Blue),"1,325",https://amazon.in//Sony-Mdr-Zx310Ap-Wired-Headphones-Blue/dp/B00K0AMYFO/ref=sr_1_40?crid=1RX9B2Y19OZKP&dib=eyJ2IjoiMSJ9.hE5Tfx7qjJcQkaeXumVlNk2edT7ouTu0Z3qTFkr2hv6bqe2Lbm0AUI1D1yFpdn4ItdsGaaD54gq4yZwOoBW4zRp5OnaYimuTssAIk2pL1SAJnFGn0F3w1qU2OQ076PccTzYnqGYYhp8lVmNhACt1uKxAamcm5eraLchQ-wUqJ0h8dNo4wnUh6yfQDHUw2icprmqRMm3jT_LcEexwIDHmeYlueodZOE7ago9KGURD99Q.LGHXL4rXU0cg_2dGK69r7MB2N0oLYoK0fijIQHhrzIQ&dib_tag=se&keywords=headphones&qid=1719657079&sprefix=hea%2Caps%2C323&sr=8-40
82,"Zebronics Storm Wired On Ear Headphone with 3.5mm Jack, Built-in Microphone for Calling,1.5 Meter Cable, Soft Ear Cushion, Adjustable Headband,Foldable Ear Cups(White)",499,https://amazon.in//Zebronics-Headphone-Microphone-Adjustable-Headband/dp/B0CFQVLG49/ref=sr_1_41?crid=1RX9B2Y19OZKP&dib=eyJ2IjoiMSJ9.hE5Tfx7qjJcQkaeXumVlNk2edT7ouTu0Z3qTFkr2hv6bqe2Lbm0AUI1D1yFpdn4ItdsGaaD54gq4yZwOoBW4zRp5OnaYimuTssAIk2pL1SAJnFGn0F3w1qU2OQ076PccTzYnqGYYhp8lVmNhACt1uKxAamcm5eraLchQ-wUqJ0h8dNo4wnUh6yfQDHUw2icprmqRMm3jT_LcEexwIDHmeYlueodZOE7ago9KGURD99Q.LGHXL4rXU0cg_2dGK69r7MB2N0oLYoK0fijIQHhrzIQ&dib_tag=se&keywords=headphones&qid=1719657079&sprefix=hea%2Caps%2C323&sr=8-41
83,"boAt Rockerz 550 Over Ear Bluetooth Headphones with Upto 20 Hours Playback, 50MM Drivers, Soft Padded Ear Cushions and Physical Noise Isolation(Black)","2,599",https://amazon.in//Boat-Rockerz-550-Headphone-Aesthetics/dp/B0856HY85J/ref=sr_1_42?crid=1RX9B2Y19OZKP&dib=eyJ2IjoiMSJ9.hE5Tfx7qjJcQkaeXumVlNk2edT7ouTu0Z3qTFkr2hv6bqe2Lbm0AUI1D1yFpdn4ItdsGaaD54gq4yZwOoBW4zRp5OnaYimuTssAIk2pL1SAJnFGn0F3w1qU2OQ076PccTzYnqGYYhp8lVmNhACt1uKxAamcm5eraLchQ-wUqJ0h8dNo4wnUh6yfQDHUw2icprmqRMm3jT_LcEexwIDHmeYlueodZOE7ago9KGURD99Q.LGHXL4rXU0cg_2dGK69r7MB2N0oLYoK0fijIQHhrzIQ&dib_tag=se&keywords=headphones&qid=1719657079&sprefix=hea%2Caps%2C323&sr=8-42
84,"pTron Boom Play X2 Type C in-Ear Wired Headphones with Mic, IEM Design, 13mm Driver for Entrancing Sound, in-line Controls, Snug-fit Wired Earphones & 1.2m Fish Scale Style Tangle-Free Cable (Blue)",499,https://amazon.in//sspa/click?ie=UTF8&spc=MToyODkyNjk5Nzk2Mjk0MTgwOjE3MTk2NTcwNzk6c3BfbXRmOjMwMDIxMjE0MTUyNTQzMjo6MDo6&url=%2FpTron-Boom-Play-X2-Tangle-Free%2Fdp%2FB0D3865K8F%2Fref%3Dsr_1_43_sspa%3Fcrid%3D1RX9B2Y19OZKP%26dib%3DeyJ2IjoiMSJ9.hE5Tfx7qjJcQkaeXumVlNk2edT7ouTu0Z3qTFkr2hv6bqe2Lbm0AUI1D1yFpdn4ItdsGaaD54gq4yZwOoBW4zRp5OnaYimuTssAIk2pL1SAJnFGn0F3w1qU2OQ076PccTzYnqGYYhp8lVmNhACt1uKxAamcm5eraLchQ-wUqJ0h8dNo4wnUh6yfQDHUw2icprmqRMm3jT_LcEexwIDHmeYlueodZOE7ago9KGURD99Q.LGHXL4rXU0cg_2dGK69r7MB2N0oLYoK0fijIQHhrzIQ%26dib_tag%3Dse%26keywords%3Dheadphones%26qid%3D1719657079%26sprefix%3Dhea%252Caps%252C323%26sr%3D8-43-spons%26sp_csd%3Dd2lkZ2V0TmFtZT1zcF9tdGY%26psc%3D1
85,"pTron Bassbuds Fute TWS Earbuds with Mic, Bluetooth V5.1 Wireless Headphones, 13mm Driver, 25Hrs Playtime, Snug-Fit in-Ear Buds, Touch Control, Voice Assistant & Type C Fast Charging (Pearl White)",799,https://amazon.in//sspa/click?ie=UTF8&spc=MToyODkyNjk5Nzk2Mjk0MTgwOjE3MTk2NTcwNzk6c3BfbXRmOjMwMDIwNjgyODY2NzAzMjo6MDo6&url=%2FpTron-Bassbuds-Fute-Bluetooth-Headphones%2Fdp%2FB0D3XG119P%2Fref%3Dsr_1_44_sspa%3Fcrid%3D1RX9B2Y19OZKP%26dib%3DeyJ2IjoiMSJ9.hE5Tfx7qjJcQkaeXumVlNk2edT7ouTu0Z3qTFkr2hv6bqe2Lbm0AUI1D1yFpdn4ItdsGaaD54gq4yZwOoBW4zRp5OnaYimuTssAIk2pL1SAJnFGn0F3w1qU2OQ076PccTzYnqGYYhp8lVmNhACt1uKxAamcm5eraLchQ-wUqJ0h8dNo4wnUh6yfQDHUw2icprmqRMm3jT_LcEexwIDHmeYlueodZOE7ago9KGURD99Q.LGHXL4rXU0cg_2dGK69r7MB2N0oLYoK0fijIQHhrzIQ%26dib_tag%3Dse%26keywords%3Dheadphones%26qid%3D1719657079%26sprefix%3Dhea%252Caps%252C323%26sr%3D8-44-spons%26sp_csd%3Dd2lkZ2V0TmFtZT1zcF9tdGY%26psc%3D1
86,"soundcore by Anker Q20i Wireless Bluetooth Over-Ear Headphones with Hybrid Active Noise Cancelling, 40h Playtime in ANC Mode, Hi-Res Audio, Deep Bass, Personalization via App (Black)","4,498",https://amazon.in//soundcore-Bluetooth-Headphones-Cancelling-Personalization/dp/B0C3HCD34R/ref=sr_1_45?crid=1RX9B2Y19OZKP&dib=eyJ2IjoiMSJ9.hE5Tfx7qjJcQkaeXumVlNk2edT7ouTu0Z3qTFkr2hv6bqe2Lbm0AUI1D1yFpdn4ItdsGaaD54gq4yZwOoBW4zRp5OnaYimuTssAIk2pL1SAJnFGn0F3w1qU2OQ076PccTzYnqGYYhp8lVmNhACt1uKxAamcm5eraLchQ-wUqJ0h8dNo4wnUh6yfQDHUw2icprmqRMm3jT_LcEexwIDHmeYlueodZOE7ago9KGURD99Q.LGHXL4rXU0cg_2dGK69r7MB2N0oLYoK0fijIQHhrzIQ&dib_tag=se&keywords=headphones&qid=1719657079&sprefix=hea%2Caps%2C323&sr=8-45
87,"Sony WH-CH720N, Wireless Over-Ear Active Noise Cancellation Headphones with Mic, up to 35 Hours Playtime, Multi-Point Connection, App Support, AUX & Voice Assistant Support for Mobile Phones (Black)","9,990",https://amazon.in//Sony-Cancellation-Headphones-Multi-Point-Connection/dp/B0BS1QCFHX/ref=sr_1_46?crid=1RX9B2Y19OZKP&dib=eyJ2IjoiMSJ9.hE5Tfx7qjJcQkaeXumVlNk2edT7ouTu0Z3qTFkr2hv6bqe2Lbm0AUI1D1yFpdn4ItdsGaaD54gq4yZwOoBW4zRp5OnaYimuTssAIk2pL1SAJnFGn0F3w1qU2OQ076PccTzYnqGYYhp8lVmNhACt1uKxAamcm5eraLchQ-wUqJ0h8dNo4wnUh6yfQDHUw2icprmqRMm3jT_LcEexwIDHmeYlueodZOE7ago9KGURD99Q.LGHXL4rXU0cg_2dGK69r7MB2N0oLYoK0fijIQHhrzIQ&dib_tag=se&keywords=headphones&qid=1719657079&sprefix=hea%2Caps%2C323&sr=8-46
88,"ZEBRONICS Zeb-Bro in Ear Wired Earphones with Mic, 3.5mm Audio Jack, 10mm Drivers, Phone/Tablet Compatible(Blue)",175,https://amazon.in//ZEBRONICS-Zeb-Bro-Earphones-Drivers-Compatible/dp/B09R24HMNW/ref=sr_1_9?crid=1RX9B2Y19OZKP&dib=eyJ2IjoiMSJ9.w0izU9bDtJcOoe3M4VlpPf07kB7YKvL7irNs-U-aFDTpfNZgJIyewqKcZEJOkQV_EjNgVRKKRhDNerxCsp9HtjYhVXQTbWAbF4XraccqZQ5Iz_snykKdptCsMGNLom-ZBN_z7q4jLOvfvATMBGScM-pfYNh6hi42SuZW4yN9lJZjp8gCoj3BkKKg-EbmcB_bX5wrbFv6gJVen5rL7gxgz29dC5nuUVqrTBYW7Bzd5OE.UrxcEUlZOnv5g6uePuVvu9WcGGGgK4wjT7xJQahJ85Q&dib_tag=se&keywords=headphones&qid=1719657061&sprefix=hea%2Caps%2C323&sr=8-9
89,"ZEBRONICS Thunder Bluetooth Wireless On Ear Headphone FM, mSD, 60hrs Playback with Mic (Neon Yellow)",749,https://amazon.in//ZEBRONICS-Zeb-Thunder-Bluetooth-Neon-Yellow/dp/B09B9SD1QH/ref=sr_1_47?crid=1RX9B2Y19OZKP&dib=eyJ2IjoiMSJ9.hE5Tfx7qjJcQkaeXumVlNk2edT7ouTu0Z3qTFkr2hv6bqe2Lbm0AUI1D1yFpdn4ItdsGaaD54gq4yZwOoBW4zRp5OnaYimuTssAIk2pL1SAJnFGn0F3w1qU2OQ076PccTzYnqGYYhp8lVmNhACt1uKxAamcm5eraLchQ-wUqJ0h8dNo4wnUh6yfQDHUw2icprmqRMm3jT_LcEexwIDHmeYlueodZOE7ago9KGURD99Q.LGHXL4rXU0cg_2dGK69r7MB2N0oLYoK0fijIQHhrzIQ&dib_tag=se&keywords=headphones&qid=1719657079&sprefix=hea%2Caps%2C323&sr=8-47
90,GKA Wireless Headphones Bluetooth 5.0 Over Ear Headphones Foldable Headset with Built-in Mic Lightweight Headset with Memory Card Support Black,449.,https://amazon.in//GKA-P47-Headphones-Bluetooth-Lightweight/dp/B0CJM95S46/ref=sr_1_48?crid=1RX9B2Y19OZKP&dib=eyJ2IjoiMSJ9.hE5Tfx7qjJcQkaeXumVlNk2edT7ouTu0Z3qTFkr2hv6bqe2Lbm0AUI1D1yFpdn4ItdsGaaD54gq4yZwOoBW4zRp5OnaYimuTssAIk2pL1SAJnFGn0F3w1qU2OQ076PccTzYnqGYYhp8lVmNhACt1uKxAamcm5eraLchQ-wUqJ0h8dNo4wnUh6yfQDHUw2icprmqRMm3jT_LcEexwIDHmeYlueodZOE7ago9KGURD99Q.LGHXL4rXU0cg_2dGK69r7MB2N0oLYoK0fijIQHhrzIQ&dib_tag=se&keywords=headphones&qid=1719657079&sprefix=hea%2Caps%2C323&sr=8-48
91,"Oneplus Bullets Z2 Bluetooth Wireless in Ear Earphones with Mic, Bombastic Bass - 12.4 mm Drivers, 10 Mins Charge - 20 Hrs Music, 30 Hrs Battery Life, IP55 Dust and Water Resistant (Magico Black)","1,799",https://amazon.in//Oneplus-Bluetooth-Wireless-Earphones-Bombastic/dp/B09TVVGXWS/ref=sr_1_49?crid=1RX9B2Y19OZKP&dib=eyJ2IjoiMSJ9.hE5Tfx7qjJcQkaeXumVlNk2edT7ouTu0Z3qTFkr2hv6bqe2Lbm0AUI1D1yFpdn4ItdsGaaD54gq4yZwOoBW4zRp5OnaYimuTssAIk2pL1SAJnFGn0F3w1qU2OQ076PccTzYnqGYYhp8lVmNhACt1uKxAamcm5eraLchQ-wUqJ0h8dNo4wnUh6yfQDHUw2icprmqRMm3jT_LcEexwIDHmeYlueodZOE7ago9KGURD99Q.LGHXL4rXU0cg_2dGK69r7MB2N0oLYoK0fijIQHhrzIQ&dib_tag=se&keywords=headphones&qid=1719657079&sprefix=hea%2Caps%2C323&sr=8-49
92,"Noise Newly Launched Three Wireless On-Ear Headphones with 70H Playtime, 40mm Driver, Low Latency(up to 45ms),Dual Pairing, BT v5.3 (Chocolate Brown)","1,997",https://amazon.in//Noise-Launched-Wireless-Headphones-Chocolate/dp/B0CFYJQT21/ref=sr_1_50?crid=1RX9B2Y19OZKP&dib=eyJ2IjoiMSJ9.hE5Tfx7qjJcQkaeXumVlNk2edT7ouTu0Z3qTFkr2hv6bqe2Lbm0AUI1D1yFpdn4ItdsGaaD54gq4yZwOoBW4zRp5OnaYimuTssAIk2pL1SAJnFGn0F3w1qU2OQ076PccTzYnqGYYhp8lVmNhACt1uKxAamcm5eraLchQ-wUqJ0h8dNo4wnUh6yfQDHUw2icprmqRMm3jT_LcEexwIDHmeYlueodZOE7ago9KGURD99Q.LGHXL4rXU0cg_2dGK69r7MB2N0oLYoK0fijIQHhrzIQ&dib_tag=se&keywords=headphones&qid=1719657079&sprefix=hea%2Caps%2C323&sr=8-50
93,"soundcore by Anker, Space One, Active Noise Cancelling Headphones, 2X Stronger Voice Reduction, 40H ANC Playtime, App Control, LDAC Hi-Res Wireless Audio, Comfortable Fit, Clear Calls, Bluetooth 5.3","8,999",https://amazon.in//Soundcore-Cancelling-Headphones-Reduction-Comfortable/dp/B0C6KJ3R71/ref=sr_1_51?crid=1RX9B2Y19OZKP&dib=eyJ2IjoiMSJ9.hE5Tfx7qjJcQkaeXumVlNk2edT7ouTu0Z3qTFkr2hv6bqe2Lbm0AUI1D1yFpdn4ItdsGaaD54gq4yZwOoBW4zRp5OnaYimuTssAIk2pL1SAJnFGn0F3w1qU2OQ076PccTzYnqGYYhp8lVmNhACt1uKxAamcm5eraLchQ-wUqJ0h8dNo4wnUh6yfQDHUw2icprmqRMm3jT_LcEexwIDHmeYlueodZOE7ago9KGURD99Q.LGHXL4rXU0cg_2dGK69r7MB2N0oLYoK0fijIQHhrzIQ&dib_tag=se&keywords=headphones&qid=1719657079&sprefix=hea%2Caps%2C323&sr=8-51
94,"Noise Newly Launched Three Wireless On-Ear Headphones with 70H Playtime, 40mm Driver, Low Latency(up to 45ms),Dual Pairing, BT v5.3 (Jet Black)","1,997",https://amazon.in//Noise-Launched-Wireless-Headphones-Playtime/dp/B0CFYM2259/ref=sr_1_52?crid=1RX9B2Y19OZKP&dib=eyJ2IjoiMSJ9.hE5Tfx7qjJcQkaeXumVlNk2edT7ouTu0Z3qTFkr2hv6bqe2Lbm0AUI1D1yFpdn4ItdsGaaD54gq4yZwOoBW4zRp5OnaYimuTssAIk2pL1SAJnFGn0F3w1qU2OQ076PccTzYnqGYYhp8lVmNhACt1uKxAamcm5eraLchQ-wUqJ0h8dNo4wnUh6yfQDHUw2icprmqRMm3jT_LcEexwIDHmeYlueodZOE7ago9KGURD99Q.LGHXL4rXU0cg_2dGK69r7MB2N0oLYoK0fijIQHhrzIQ&dib_tag=se&keywords=headphones&qid=1719657079&sprefix=hea%2Caps%2C323&sr=8-52
95,"Boult Audio RCharge Wireless in Ear Bluetooth Earphones with ENC Mic, 30H Playtime, 50ms Low Latency Gaming Mode, Dual Pairing, Type-C Fast Charging (10Min=12Hrs), 10mm Bass Drivers Neckband (Green)",699,https://amazon.in//sspa/click?ie=UTF8&spc=MToyODkyNjk5Nzk2Mjk0MTgwOjE3MTk2NTcwNzk6c3BfYnRmOjMwMDAwNzYyNjc0NjQzMjo6MDo6&url=%2FBoult-Audio-Wireless-Bluetooth-Earphones%2Fdp%2FB0C781JFZ6%2Fref%3Dsr_1_53_sspa%3Fcrid%3D1RX9B2Y19OZKP%26dib%3DeyJ2IjoiMSJ9.hE5Tfx7qjJcQkaeXumVlNk2edT7ouTu0Z3qTFkr2hv6bqe2Lbm0AUI1D1yFpdn4ItdsGaaD54gq4yZwOoBW4zRp5OnaYimuTssAIk2pL1SAJnFGn0F3w1qU2OQ076PccTzYnqGYYhp8lVmNhACt1uKxAamcm5eraLchQ-wUqJ0h8dNo4wnUh6yfQDHUw2icprmqRMm3jT_LcEexwIDHmeYlueodZOE7ago9KGURD99Q.LGHXL4rXU0cg_2dGK69r7MB2N0oLYoK0fijIQHhrzIQ%26dib_tag%3Dse%26keywords%3Dheadphones%26qid%3D1719657079%26sprefix%3Dhea%252Caps%252C323%26sr%3D8-53-spons%26sp_csd%3Dd2lkZ2V0TmFtZT1zcF9idGY%26psc%3D1
96,"Noise Buds N1 in-Ear Truly Wireless Earbuds with Chrome Finish, 40H of Playtime, Quad Mic with ENC, Ultra Low Latency(up to 40 ms), Instacharge(10 min=120 min), BT v5.3(Ice Blue)","1,297",https://amazon.in//sspa/click?ie=UTF8&spc=MToyODkyNjk5Nzk2Mjk0MTgwOjE3MTk2NTcwNzk6c3BfYnRmOjMwMDEzNDMwNDE0NjczMjo6MDo6&url=%2FNoise-Launched-Wireless-Playtime-Instacharge%2Fdp%2FB0CQJZD55X%2Fref%3Dsr_1_54_sspa%3Fcrid%3D1RX9B2Y19OZKP%26dib%3DeyJ2IjoiMSJ9.hE5Tfx7qjJcQkaeXumVlNk2edT7ouTu0Z3qTFkr2hv6bqe2Lbm0AUI1D1yFpdn4ItdsGaaD54gq4yZwOoBW4zRp5OnaYimuTssAIk2pL1SAJnFGn0F3w1qU2OQ076PccTzYnqGYYhp8lVmNhACt1uKxAamcm5eraLchQ-wUqJ0h8dNo4wnUh6yfQDHUw2icprmqRMm3jT_LcEexwIDHmeYlueodZOE7ago9KGURD99Q.LGHXL4rXU0cg_2dGK69r7MB2N0oLYoK0fijIQHhrzIQ%26dib_tag%3Dse%26keywords%3Dheadphones%26qid%3D1719657079%26sprefix%3Dhea%252Caps%252C323%26sr%3D8-54-spons%26sp_csd%3Dd2lkZ2V0TmFtZT1zcF9idGY%26psc%3D1
97,"EDYELL V2 True Wireless Earbud, Bluetooth 5.3 TWS 3D Stereo with Earhook, 50H Playtime, Touch Control. Earbuds with Dual-LED Display, IPX7 Waterproof Earphones Built-in Mic for Running Workout Sport","2,299",https://amazon.in//sspa/click?ie=UTF8&spc=MTo1OTcwNjk5ODY0ODIyMTgwOjE3MTk2NTcwODc6c3BfYXRmX25leHQ6MzAwMTc0NjU1NzUxMjMyOjowOjo&url=%2FEDYELL-Wireless-Bluetooth-Waterproof-Earphones%2Fdp%2FB0CXPRB657%2Fref%3Dsr_1_49_sspa%3Fcrid%3D1RX9B2Y19OZKP%26dib%3DeyJ2IjoiMSJ9.rnXaVTUwhQ97Ddh9S6KjEuSCvETUCiBggpEXsUR6hKXLabUMTx6WnC1H5J18CxY8hq_n3gpfQsuJm56yaA0RkpM-Dn_SmAwpXi3o4MehochZqcc0-3HwiW2NNfXlAZ_oBIuVOYgoVUL3Hk3-NXXurIlMP1e-pPbIF_vEbyYISV7yv890ZzEMHl0uGZgpX8481q70i_tXFIXxtYxkX908iQrcjpSDiR9aABC7gDiQzkY.cOuvzR9fTmwmiHAtGzjVIPaQWpToF-md36MMxXMiT78%26dib_tag%3Dse%26keywords%3Dheadphones%26qid%3D1719657087%26sprefix%3Dhea%252Caps%252C323%26sr%3D8-49-spons%26sp_csd%3Dd2lkZ2V0TmFtZT1zcF9hdGZfbmV4dA%26psc%3D1
98,"Boult Audio Z40 Gaming in Ear Earbuds with 60H Playtime, Dual Device Pairing, Built-in App Support, 40ms Ultra Low Latency, Quad Mic ENC, RGB LEDs, Bluetooth 5.4, IPX5 Ear buds TWS (Electric White)","1,499",https://amazon.in//sspa/click?ie=UTF8&spc=MTo1OTcwNjk5ODY0ODIyMTgwOjE3MTk2NTcwODc6c3BfYXRmX25leHQ6MzAwMTc5MDA0NjE0MjMyOjowOjo&url=%2FBoult-Earbuds-Playtime-Bluetooth-Electric%2Fdp%2FB0D1VKN1VG%2Fref%3Dsr_1_50_sspa%3Fcrid%3D1RX9B2Y19OZKP%26dib%3DeyJ2IjoiMSJ9.rnXaVTUwhQ97Ddh9S6KjEuSCvETUCiBggpEXsUR6hKXLabUMTx6WnC1H5J18CxY8hq_n3gpfQsuJm56yaA0RkpM-Dn_SmAwpXi3o4MehochZqcc0-3HwiW2NNfXlAZ_oBIuVOYgoVUL3Hk3-NXXurIlMP1e-pPbIF_vEbyYISV7yv890ZzEMHl0uGZgpX8481q70i_tXFIXxtYxkX908iQrcjpSDiR9aABC7gDiQzkY.cOuvzR9fTmwmiHAtGzjVIPaQWpToF-md36MMxXMiT78%26dib_tag%3Dse%26keywords%3Dheadphones%26qid%3D1719657087%26sprefix%3Dhea%252Caps%252C323%26sr%3D8-50-spons%26sp_csd%3Dd2lkZ2V0TmFtZT1zcF9hdGZfbmV4dA%26psc%3D1
99,"boAt Rockerz 460 Wireless Over Ear Headphones w/Up to 30hrs Playtime, 40mm Drivers, BEASTâ„¢ Mode, ENxâ„¢, Dual Pairing, BT v5.2, Instant Voice Assistant, Adaptive Fit(Active Black)","1,799",https://amazon.in//boAt-Rockerz-460-Headphones-Assistant/dp/B0CC2G8L22/ref=sr_1_10?crid=1RX9B2Y19OZKP&dib=eyJ2IjoiMSJ9.w0izU9bDtJcOoe3M4VlpPf07kB7YKvL7irNs-U-aFDTpfNZgJIyewqKcZEJOkQV_EjNgVRKKRhDNerxCsp9HtjYhVXQTbWAbF4XraccqZQ5Iz_snykKdptCsMGNLom-ZBN_z7q4jLOvfvATMBGScM-pfYNh6hi42SuZW4yN9lJZjp8gCoj3BkKKg-EbmcB_bX5wrbFv6gJVen5rL7gxgz29dC5nuUVqrTBYW7Bzd5OE.UrxcEUlZOnv5g6uePuVvu9WcGGGgK4wjT7xJQahJ85Q&dib_tag=se&keywords=headphones&qid=1719657061&sprefix=hea%2Caps%2C323&sr=8-10
100,"AKG K72 Closed Back Studio Headphones, Black, Pack of 1","2,749",https://amazon.in//AKG-K72-Close-Back-Studio-Headphones/dp/B01AYSNHVQ/ref=sr_1_51?crid=1RX9B2Y19OZKP&dib=eyJ2IjoiMSJ9.rnXaVTUwhQ97Ddh9S6KjEuSCvETUCiBggpEXsUR6hKXLabUMTx6WnC1H5J18CxY8hq_n3gpfQsuJm56yaA0RkpM-Dn_SmAwpXi3o4MehochZqcc0-3HwiW2NNfXlAZ_oBIuVOYgoVUL3Hk3-NXXurIlMP1e-pPbIF_vEbyYISV7yv890ZzEMHl0uGZgpX8481q70i_tXFIXxtYxkX908iQrcjpSDiR9aABC7gDiQzkY.cOuvzR9fTmwmiHAtGzjVIPaQWpToF-md36MMxXMiT78&dib_tag=se&keywords=headphones&qid=1719657087&sprefix=hea%2Caps%2C323&sr=8-51
101,"PHILIPS Wireless On Ear Headphones TAH8506BK, Sleek Design with Noise Cancellation Pro,Upto 60 Hrs of Play time, Touch Control (Black), Sensitivity: 96 dB (1K Hz)","8,299",https://amazon.in//Philips-Wireless-Headphones-TAH8506BK-Cancelling/dp/B09Q6BQBSC/ref=sr_1_52?crid=1RX9B2Y19OZKP&dib=eyJ2IjoiMSJ9.rnXaVTUwhQ97Ddh9S6KjEuSCvETUCiBggpEXsUR6hKXLabUMTx6WnC1H5J18CxY8hq_n3gpfQsuJm56yaA0RkpM-Dn_SmAwpXi3o4MehochZqcc0-3HwiW2NNfXlAZ_oBIuVOYgoVUL3Hk3-NXXurIlMP1e-pPbIF_vEbyYISV7yv890ZzEMHl0uGZgpX8481q70i_tXFIXxtYxkX908iQrcjpSDiR9aABC7gDiQzkY.cOuvzR9fTmwmiHAtGzjVIPaQWpToF-md36MMxXMiT78&dib_tag=se&keywords=headphones&qid=1719657087&sprefix=hea%2Caps%2C323&sr=8-52
102,"JBL Tune 760NC, Wireless Over Ear Active Noise Cancellation Headphones with Mic, upto 50 Hours Playtime, Multi-Device Connectivity, Pure Bass, AUX & Voice Assistant Support for Mobile Phones (Black)","4,999",https://amazon.in//JBL-Cancellation-Headphones-Playtime-Assistant/dp/B096FYLJ6M/ref=sr_1_53?crid=1RX9B2Y19OZKP&dib=eyJ2IjoiMSJ9.rnXaVTUwhQ97Ddh9S6KjEuSCvETUCiBggpEXsUR6hKXLabUMTx6WnC1H5J18CxY8hq_n3gpfQsuJm56yaA0RkpM-Dn_SmAwpXi3o4MehochZqcc0-3HwiW2NNfXlAZ_oBIuVOYgoVUL3Hk3-NXXurIlMP1e-pPbIF_vEbyYISV7yv890ZzEMHl0uGZgpX8481q70i_tXFIXxtYxkX908iQrcjpSDiR9aABC7gDiQzkY.cOuvzR9fTmwmiHAtGzjVIPaQWpToF-md36MMxXMiT78&dib_tag=se&keywords=headphones&qid=1719657087&sprefix=hea%2Caps%2C323&sr=8-53
103,"ZEBRONICS THUNDER PRO Wireless Headphone with Dual Pairing, Gaming Mode, ENC, Bluetooth, Call Function, Aux, Micro SD, Voice Assistant, Deep Bass, Up to 60h backup (Olive Green)",999,https://amazon.in//ZEBRONICS-PRO-Headphone-Bluetooth-Assistant/dp/B0CTXGDCSB/ref=sr_1_54?crid=1RX9B2Y19OZKP&dib=eyJ2IjoiMSJ9.rnXaVTUwhQ97Ddh9S6KjEuSCvETUCiBggpEXsUR6hKXLabUMTx6WnC1H5J18CxY8hq_n3gpfQsuJm56yaA0RkpM-Dn_SmAwpXi3o4MehochZqcc0-3HwiW2NNfXlAZ_oBIuVOYgoVUL3Hk3-NXXurIlMP1e-pPbIF_vEbyYISV7yv890ZzEMHl0uGZgpX8481q70i_tXFIXxtYxkX908iQrcjpSDiR9aABC7gDiQzkY.cOuvzR9fTmwmiHAtGzjVIPaQWpToF-md36MMxXMiT78&dib_tag=se&keywords=headphones&qid=1719657087&sprefix=hea%2Caps%2C323&sr=8-54
104,"JBL Tune 510BT, On Ear Wireless Headphones with Mic, up to 40 Hours Playtime, Pure Bass, Quick Charging, Dual Pairing, Bluetooth 5.0 & Voice Assistant Support for Mobile Phones (Blue)","2,799",https://amazon.in//JBL-Wireless-Headphones-Bluetooth-Assistant/dp/B08QTVL6C5/ref=sr_1_55?crid=1RX9B2Y19OZKP&dib=eyJ2IjoiMSJ9.rnXaVTUwhQ97Ddh9S6KjEuSCvETUCiBggpEXsUR6hKXLabUMTx6WnC1H5J18CxY8hq_n3gpfQsuJm56yaA0RkpM-Dn_SmAwpXi3o4MehochZqcc0-3HwiW2NNfXlAZ_oBIuVOYgoVUL3Hk3-NXXurIlMP1e-pPbIF_vEbyYISV7yv890ZzEMHl0uGZgpX8481q70i_tXFIXxtYxkX908iQrcjpSDiR9aABC7gDiQzkY.cOuvzR9fTmwmiHAtGzjVIPaQWpToF-md36MMxXMiT78&dib_tag=se&keywords=headphones&qid=1719657087&sprefix=hea%2Caps%2C323&sr=8-55
105,"Sony WH-CH720N, Wireless Over-Ear Active Noise Cancellation Headphones with Mic, up to 35 Hours Playtime, Multi-Point Connection, App Support, AUX & Voice Assistant Support for Mobile Phones (Blue)","8,990",https://amazon.in//Sony-WH-CH720N-Cancellation-Headphones-Multi-Point/dp/B0BXXPG6FP/ref=sr_1_56?crid=1RX9B2Y19OZKP&dib=eyJ2IjoiMSJ9.rnXaVTUwhQ97Ddh9S6KjEuSCvETUCiBggpEXsUR6hKXLabUMTx6WnC1H5J18CxY8hq_n3gpfQsuJm56yaA0RkpM-Dn_SmAwpXi3o4MehochZqcc0-3HwiW2NNfXlAZ_oBIuVOYgoVUL3Hk3-NXXurIlMP1e-pPbIF_vEbyYISV7yv890ZzEMHl0uGZgpX8481q70i_tXFIXxtYxkX908iQrcjpSDiR9aABC7gDiQzkY.cOuvzR9fTmwmiHAtGzjVIPaQWpToF-md36MMxXMiT78&dib_tag=se&keywords=headphones&qid=1719657087&sprefix=hea%2Caps%2C323&sr=8-56
106,"JBL C50HI, Wired in Ear Headphones with Mic, One Button Multi-function Remote, Lightweight & Comfortable fit (Black)",499,https://amazon.in//JBL-C50HI-Ear-Headphones-Black/dp/B07JQKQ91F/ref=sr_1_57?crid=1RX9B2Y19OZKP&dib=eyJ2IjoiMSJ9.rnXaVTUwhQ97Ddh9S6KjEuSCvETUCiBggpEXsUR6hKXLabUMTx6WnC1H5J18CxY8hq_n3gpfQsuJm56yaA0RkpM-Dn_SmAwpXi3o4MehochZqcc0-3HwiW2NNfXlAZ_oBIuVOYgoVUL3Hk3-NXXurIlMP1e-pPbIF_vEbyYISV7yv890ZzEMHl0uGZgpX8481q70i_tXFIXxtYxkX908iQrcjpSDiR9aABC7gDiQzkY.cOuvzR9fTmwmiHAtGzjVIPaQWpToF-md36MMxXMiT78&dib_tag=se&keywords=headphones&qid=1719657087&sprefix=hea%2Caps%2C323&sr=8-57
107,"Sony WH-1000XM5 Wireless The Best Active Noise Cancelling Headphones, 8 Mics for Clear Calling, Battery- 40Hrs(w/o NC), 30Hrs(with NC), 3Min Quick Charge=3Hrs Playback, Multi Point Connectivity -Black","31,990",https://amazon.in//Sony-WH-1000XM5-Wireless-Cancelling-Headphones/dp/B09XS7JWHH/ref=sr_1_58?crid=1RX9B2Y19OZKP&dib=eyJ2IjoiMSJ9.rnXaVTUwhQ97Ddh9S6KjEuSCvETUCiBggpEXsUR6hKXLabUMTx6WnC1H5J18CxY8hq_n3gpfQsuJm56yaA0RkpM-Dn_SmAwpXi3o4MehochZqcc0-3HwiW2NNfXlAZ_oBIuVOYgoVUL3Hk3-NXXurIlMP1e-pPbIF_vEbyYISV7yv890ZzEMHl0uGZgpX8481q70i_tXFIXxtYxkX908iQrcjpSDiR9aABC7gDiQzkY.cOuvzR9fTmwmiHAtGzjVIPaQWpToF-md36MMxXMiT78&dib_tag=se&keywords=headphones&qid=1719657087&sprefix=hea%2Caps%2C323&sr=8-58
108,"pTron InTunes Ultima In-Ear Wireless Earphones with Mic, 18 Hrs Music with Mega Bass, Bluetooth 5.0 Neckband, Lightweight, Voice Assistant, Type-C Fast Charging, IPX4 Water Resistant (Jet Black & Red)",599,https://amazon.in//sspa/click?ie=UTF8&spc=MTo1OTcwNjk5ODY0ODIyMTgwOjE3MTk2NTcwODc6c3BfbXRmOjMwMDE5NzAyNzkzNjMzMjo6MDo6&url=%2FpTron-InTunes-Ultima-Earphones-Lightweight%2Fdp%2FB0D3M1WGV3%2Fref%3Dsr_1_59_sspa%3Fcrid%3D1RX9B2Y19OZKP%26dib%3DeyJ2IjoiMSJ9.rnXaVTUwhQ97Ddh9S6KjEuSCvETUCiBggpEXsUR6hKXLabUMTx6WnC1H5J18CxY8hq_n3gpfQsuJm56yaA0RkpM-Dn_SmAwpXi3o4MehochZqcc0-3HwiW2NNfXlAZ_oBIuVOYgoVUL3Hk3-NXXurIlMP1e-pPbIF_vEbyYISV7yv890ZzEMHl0uGZgpX8481q70i_tXFIXxtYxkX908iQrcjpSDiR9aABC7gDiQzkY.cOuvzR9fTmwmiHAtGzjVIPaQWpToF-md36MMxXMiT78%26dib_tag%3Dse%26keywords%3Dheadphones%26qid%3D1719657087%26sprefix%3Dhea%252Caps%252C323%26sr%3D8-59-spons%26sp_csd%3Dd2lkZ2V0TmFtZT1zcF9tdGY%26psc%3D1
109,"soundcore by Anker, Space One, Active Noise Cancelling Headphones, 2X Stronger Voice Reduction, 40H ANC Playtime, App Control, LDAC Hi-Res Wireless Audio, Comfortable Fit, Clear Calls, Bluetooth 5.3","8,999",https://amazon.in//sspa/click?ie=UTF8&spc=MTo1OTcwNjk5ODY0ODIyMTgwOjE3MTk2NTcwODc6c3BfbXRmOjMwMDE2NDA0MDg0NDMzMjo6MDo6&url=%2FSoundcore-Cancelling-Headphones-Reduction-Comfortable%2Fdp%2FB0C6KJ3R71%2Fref%3Dsr_1_60_sspa%3Fcrid%3D1RX9B2Y19OZKP%26dib%3DeyJ2IjoiMSJ9.rnXaVTUwhQ97Ddh9S6KjEuSCvETUCiBggpEXsUR6hKXLabUMTx6WnC1H5J18CxY8hq_n3gpfQsuJm56yaA0RkpM-Dn_SmAwpXi3o4MehochZqcc0-3HwiW2NNfXlAZ_oBIuVOYgoVUL3Hk3-NXXurIlMP1e-pPbIF_vEbyYISV7yv890ZzEMHl0uGZgpX8481q70i_tXFIXxtYxkX908iQrcjpSDiR9aABC7gDiQzkY.cOuvzR9fTmwmiHAtGzjVIPaQWpToF-md36MMxXMiT78%26dib_tag%3Dse%26keywords%3Dheadphones%26qid%3D1719657087%26sprefix%3Dhea%252Caps%252C323%26sr%3D8-60-spons%26sp_csd%3Dd2lkZ2V0TmFtZT1zcF9tdGY%26psc%3D1
